modelo,params,n_sintetico,accuracy,precision,recall,f1,f1_std,timestamp
LDA,{},0,0.93481125,0.747637560162832,0.3837132503033243,0.5071264558289987,0.0024251569031201,2026-06-28 23:06:35
LDA,{},660156,0.79974125,0.2995309260604993,0.963359157490577,0.4569323369660346,0.0091425818695702,2026-06-28 23:06:42
LDA,{},440104,0.9413825,0.6120060217879115,0.9000028552985423,0.7285652669703403,0.0035656879831249,2026-06-28 23:06:49
LDA,{},330078,0.960905,0.7624848303689122,0.802780238552421,0.7821108275401935,0.0009995656201277,2026-06-28 23:06:57
LDA,{},264062,0.95985625,0.8066884874863994,0.7111209337562557,0.7558927598202376,0.0005278648771519,2026-06-28 23:07:05
LDA,{},220052,0.9560575,0.8137418699288075,0.6448470819912475,0.7195103600255612,0.002416924678185,2026-06-28 23:07:11
LDA,{},188616,0.95259,0.8104905709706844,0.5972226034513932,0.6876946576317481,0.003145989411695,2026-06-28 23:07:18
LDA,{},165039,0.95006875,0.8069494757975836,0.5635564931861451,0.6636300365930888,0.0040218995844915,2026-06-28 23:07:24
LDA,{},146701,0.948055,0.8021176918552596,0.5385571855346812,0.644417946646673,0.0041103559069244,2026-06-28 23:07:31
LDA,{},132031,0.9465175,0.7977832692229716,0.5198792368253334,0.6295134014902133,0.0039433320705978,2026-06-28 23:07:38
QDA,{'reg_param': 0.0},0,0.9545325,0.8001815867937226,0.6394695229606092,0.7108233148384009,0.0090833273593414,2026-06-28 23:07:42
QDA,{'reg_param': 0.0},660156,0.8635525,0.3880693960320131,0.964274467822258,0.5531918169265492,0.019583061557456,2026-06-28 23:07:51
QDA,{'reg_param': 0.0},440104,0.9227225,0.5324019952965561,0.9619003842380976,0.6853174505773338,0.0127648023982637,2026-06-28 23:08:00
QDA,{'reg_param': 0.0},330078,0.9452675,0.6216166307469807,0.9570377719590046,0.7536032506261157,0.0096285503297226,2026-06-28 23:08:07
QDA,{'reg_param': 0.0},264062,0.95478375,0.6720164815840015,0.9438659187802556,0.7849817830200024,0.0074531192544237,2026-06-28 23:08:13
QDA,{'reg_param': 0.0},220052,0.960275,0.7076497015914973,0.9301506272248216,0.803710879006936,0.0060382668462518,2026-06-28 23:08:19
QDA,{'reg_param': 0.0},188616,0.96405,0.7356136534475055,0.9194672935369622,0.8172617385233256,0.0057955782457898,2026-06-28 23:08:27
QDA,{'reg_param': 0.0},165039,0.9666825,0.7587927856616183,0.907525366341348,0.8264567365933855,0.004053437323957,2026-06-28 23:08:33
QDA,{'reg_param': 0.0},146701,0.96769875,0.7729111923548725,0.8928804010344524,0.8285226604941711,0.0058004017651831,2026-06-28 23:08:38
QDA,{'reg_param': 0.0},132031,0.9676175,0.7803268270701083,0.8761760097243778,0.8254285152577395,0.008173521641624,2026-06-28 23:08:43
QDA,{'reg_param': 0.01},0,0.94595,0.7722766727287139,0.541202993931877,0.6363873347169888,0.0060626562230844,2026-06-28 23:08:49
QDA,{'reg_param': 0.01},660156,0.95080375,0.6489220827195735,0.9537054411845316,0.7722314311679768,0.0072378750689928,2026-06-28 23:08:59
QDA,{'reg_param': 0.01},440104,0.96394875,0.7346473033616272,0.9201108146273098,0.8169199380426647,0.0037254682364158,2026-06-28 23:09:05
QDA,{'reg_param': 0.01},330078,0.96546125,0.7649985012545324,0.8729581158793052,0.81536921866964,0.0100993317787004,2026-06-28 23:09:11
QDA,{'reg_param': 0.01},264062,0.963375,0.7711384103875105,0.8260486452058391,0.797591276836504,0.0122756944120757,2026-06-28 23:09:16
QDA,{'reg_param': 0.01},220052,0.96152875,0.7734257927149736,0.7916960851729828,0.7824004208325454,0.012425516717702,2026-06-28 23:09:20
QDA,{'reg_param': 0.01},188616,0.96011,0.775186338152371,0.7655669812949311,0.7702922656642751,0.0122803080474618,2026-06-28 23:09:25
QDA,{'reg_param': 0.01},165039,0.95883,0.7759111735793272,0.7436997847890311,0.7594118524872742,0.0115847759890969,2026-06-28 23:09:31
QDA,{'reg_param': 0.01},146701,0.957835,0.7765928031519935,0.7265378380235771,0.7506857991432476,0.0113155585096387,2026-06-28 23:09:36
QDA,{'reg_param': 0.01},132031,0.9569825,0.7768182180170113,0.7124793584005092,0.7432133138827455,0.010952093136949,2026-06-28 23:09:40
QDA,{'reg_param': 0.05},0,0.93631,0.6995496126385721,0.4755584266486894,0.5661817619693482,0.00582388765113,2026-06-28 23:09:45
QDA,{'reg_param': 0.05},660156,0.95654375,0.7122310289694107,0.8435538669659957,0.7722918186911164,0.0121720680254442,2026-06-28 23:09:51
QDA,{'reg_param': 0.05},440104,0.95272375,0.715858057163149,0.7611477727444165,0.7377579431860278,0.0121365701876062,2026-06-28 23:09:57
QDA,{'reg_param': 0.05},330078,0.95023125,0.7160258507680441,0.7134947534911957,0.7147150412221263,0.0116581755983641,2026-06-28 23:10:03
QDA,{'reg_param': 0.05},264062,0.9485225,0.7158424871978885,0.681530611827481,0.6982304227332852,0.0107161138064061,2026-06-28 23:10:08
QDA,{'reg_param': 0.05},220052,0.94730625,0.715427426170163,0.6593630853668813,0.6862194879051802,0.0098681376738776,2026-06-28 23:10:13
QDA,{'reg_param': 0.05},188616,0.94626,0.7147299405721796,0.6409282808730179,0.6757882033972272,0.0099263553875973,2026-06-28 23:10:18
QDA,{'reg_param': 0.05},165039,0.94537375,0.713891520105966,0.6257828866577381,0.6669138167976785,0.0091337386436585,2026-06-28 23:10:23
QDA,{'reg_param': 0.05},146701,0.94464125,0.7130888067827827,0.6134262764370783,0.6594919581123962,0.0082047719603791,2026-06-28 23:10:28
QDA,{'reg_param': 0.05},132031,0.94395625,0.7119766411960564,0.6025284292421842,0.6526777247042262,0.0075241315014412,2026-06-28 23:10:32
QDA,{'reg_param': 0.1},0,0.931485,0.653505409343664,0.4600411563877283,0.5399357326493432,0.0056650373043555,2026-06-28 23:10:37
QDA,{'reg_param': 0.1},660156,0.94653375,0.6667418759173135,0.7761645046711539,0.7172491803222154,0.0111541324189298,2026-06-28 23:10:43
QDA,{'reg_param': 0.1},440104,0.943555,0.6666671328028551,0.7083319002298147,0.6868233323239179,0.0105796166540594,2026-06-28 23:10:49
QDA,{'reg_param': 0.1},330078,0.94186625,0.666856398562416,0.6691740149015495,0.6679715420253607,0.0096364425209046,2026-06-28 23:10:54
QDA,{'reg_param': 0.1},264062,0.9405225,0.6660313417632351,0.6408424899921377,0.6531548562617208,0.009369923811126,2026-06-28 23:10:59
QDA,{'reg_param': 0.1},220052,0.93947875,0.6647348165964742,0.6205627944782289,0.6418590420567264,0.00825409784656,2026-06-28 23:11:04
QDA,{'reg_param': 0.1},188616,0.93862125,0.6635560087590706,0.6040444035739501,0.6323748342530673,0.0075766344095495,2026-06-28 23:11:09
QDA,{'reg_param': 0.1},165039,0.93803125,0.6631687120611884,0.5914303521916666,0.6252211693077429,0.0068110013455428,2026-06-28 23:11:22
QDA,{'reg_param': 0.1},146701,0.9374875,0.6624523723625517,0.580718445064956,0.6188692250625428,0.0063666586647147,2026-06-28 23:11:27
QDA,{'reg_param': 0.1},132031,0.937055,0.6618758062237984,0.5721660650631725,0.6137301324808054,0.0062720662086637,2026-06-28 23:11:34
LDA,{},0,0.93481125,0.747637560162832,0.3837132503033243,0.5071264558289987,0.0024251569031201,2026-06-28 23:24:08
LDA,{},660156,0.79974125,0.2995309260604993,0.963359157490577,0.4569323369660346,0.0091425818695702,2026-06-28 23:24:16
LDA,{},440104,0.9413825,0.6120060217879115,0.9000028552985423,0.7285652669703403,0.0035656879831249,2026-06-28 23:24:23
LDA,{},330078,0.960905,0.7624848303689122,0.802780238552421,0.7821108275401935,0.0009995656201277,2026-06-28 23:24:29
LDA,{},264062,0.95985625,0.8066884874863994,0.7111209337562557,0.7558927598202376,0.0005278648771519,2026-06-28 23:24:35
LDA,{},220052,0.9560575,0.8137418699288075,0.6448470819912475,0.7195103600255612,0.002416924678185,2026-06-28 23:24:41
LDA,{},188616,0.95259,0.8104905709706844,0.5972226034513932,0.6876946576317481,0.003145989411695,2026-06-28 23:24:46
LDA,{},165039,0.95006875,0.8069494757975836,0.5635564931861451,0.6636300365930888,0.0040218995844915,2026-06-28 23:24:52
LDA,{},146701,0.948055,0.8021176918552596,0.5385571855346812,0.644417946646673,0.0041103559069244,2026-06-28 23:24:57
LDA,{},132031,0.9465175,0.7977832692229716,0.5198792368253334,0.6295134014902133,0.0039433320705978,2026-06-28 23:25:03
QDA,{'reg_param': 0.0},0,0.9545325,0.8001815867937226,0.6394695229606092,0.7108233148384009,0.0090833273593414,2026-06-28 23:25:07
QDA,{'reg_param': 0.0},660156,0.8635525,0.3880693960320131,0.964274467822258,0.5531918169265492,0.019583061557456,2026-06-28 23:25:14
QDA,{'reg_param': 0.0},440104,0.9227225,0.5324019952965561,0.9619003842380976,0.6853174505773338,0.0127648023982637,2026-06-28 23:25:20
QDA,{'reg_param': 0.0},330078,0.9452675,0.6216166307469807,0.9570377719590046,0.7536032506261157,0.0096285503297226,2026-06-28 23:25:25
QDA,{'reg_param': 0.0},264062,0.95478375,0.6720164815840015,0.9438659187802556,0.7849817830200024,0.0074531192544237,2026-06-28 23:25:30
QDA,{'reg_param': 0.0},220052,0.960275,0.7076497015914973,0.9301506272248216,0.803710879006936,0.0060382668462518,2026-06-28 23:25:36
QDA,{'reg_param': 0.0},188616,0.96405,0.7356136534475055,0.9194672935369622,0.8172617385233256,0.0057955782457898,2026-06-28 23:25:40
QDA,{'reg_param': 0.0},165039,0.9666825,0.7587927856616183,0.907525366341348,0.8264567365933855,0.004053437323957,2026-06-28 23:25:46
QDA,{'reg_param': 0.0},146701,0.96769875,0.7729111923548725,0.8928804010344524,0.8285226604941711,0.0058004017651831,2026-06-28 23:25:51
QDA,{'reg_param': 0.0},132031,0.9676175,0.7803268270701083,0.8761760097243778,0.8254285152577395,0.008173521641624,2026-06-28 23:25:55
QDA,{'reg_param': 0.01},0,0.94595,0.7722766727287139,0.541202993931877,0.6363873347169888,0.0060626562230844,2026-06-28 23:26:00
QDA,{'reg_param': 0.01},660156,0.95080375,0.6489220827195735,0.9537054411845316,0.7722314311679768,0.0072378750689928,2026-06-28 23:26:08
QDA,{'reg_param': 0.01},440104,0.96394875,0.7346473033616272,0.9201108146273098,0.8169199380426647,0.0037254682364158,2026-06-28 23:26:14
QDA,{'reg_param': 0.01},330078,0.96546125,0.7649985012545324,0.8729581158793052,0.81536921866964,0.0100993317787004,2026-06-28 23:26:19
QDA,{'reg_param': 0.01},264062,0.963375,0.7711384103875105,0.8260486452058391,0.797591276836504,0.0122756944120757,2026-06-28 23:26:24
QDA,{'reg_param': 0.01},220052,0.96152875,0.7734257927149736,0.7916960851729828,0.7824004208325454,0.012425516717702,2026-06-28 23:26:29
QDA,{'reg_param': 0.01},188616,0.96011,0.775186338152371,0.7655669812949311,0.7702922656642751,0.0122803080474618,2026-06-28 23:26:34
QDA,{'reg_param': 0.01},165039,0.95883,0.7759111735793272,0.7436997847890311,0.7594118524872742,0.0115847759890969,2026-06-28 23:26:39
QDA,{'reg_param': 0.01},146701,0.957835,0.7765928031519935,0.7265378380235771,0.7506857991432476,0.0113155585096387,2026-06-28 23:26:44
QDA,{'reg_param': 0.01},132031,0.9569825,0.7768182180170113,0.7124793584005092,0.7432133138827455,0.010952093136949,2026-06-28 23:26:48
QDA,{'reg_param': 0.05},0,0.93631,0.6995496126385721,0.4755584266486894,0.5661817619693482,0.00582388765113,2026-06-28 23:26:52
QDA,{'reg_param': 0.05},660156,0.95654375,0.7122310289694107,0.8435538669659957,0.7722918186911164,0.0121720680254442,2026-06-28 23:26:59
QDA,{'reg_param': 0.05},440104,0.95272375,0.715858057163149,0.7611477727444165,0.7377579431860278,0.0121365701876062,2026-06-28 23:27:06
QDA,{'reg_param': 0.05},330078,0.95023125,0.7160258507680441,0.7134947534911957,0.7147150412221263,0.0116581755983641,2026-06-28 23:27:12
QDA,{'reg_param': 0.05},264062,0.9485225,0.7158424871978885,0.681530611827481,0.6982304227332852,0.0107161138064061,2026-06-28 23:27:17
QDA,{'reg_param': 0.05},220052,0.94730625,0.715427426170163,0.6593630853668813,0.6862194879051802,0.0098681376738776,2026-06-28 23:27:22
QDA,{'reg_param': 0.05},188616,0.94626,0.7147299405721796,0.6409282808730179,0.6757882033972272,0.0099263553875973,2026-06-28 23:27:27
QDA,{'reg_param': 0.05},165039,0.94537375,0.713891520105966,0.6257828866577381,0.6669138167976785,0.0091337386436585,2026-06-28 23:27:32
QDA,{'reg_param': 0.05},146701,0.94464125,0.7130888067827827,0.6134262764370783,0.6594919581123962,0.0082047719603791,2026-06-28 23:27:37
QDA,{'reg_param': 0.05},132031,0.94395625,0.7119766411960564,0.6025284292421842,0.6526777247042262,0.0075241315014412,2026-06-28 23:27:41
QDA,{'reg_param': 0.1},0,0.931485,0.653505409343664,0.4600411563877283,0.5399357326493432,0.0056650373043555,2026-06-28 23:27:45
QDA,{'reg_param': 0.1},660156,0.94653375,0.6667418759173135,0.7761645046711539,0.7172491803222154,0.0111541324189298,2026-06-28 23:27:51
QDA,{'reg_param': 0.1},440104,0.943555,0.6666671328028551,0.7083319002298147,0.6868233323239179,0.0105796166540594,2026-06-28 23:27:56
QDA,{'reg_param': 0.1},330078,0.94186625,0.666856398562416,0.6691740149015495,0.6679715420253607,0.0096364425209046,2026-06-28 23:28:04
QDA,{'reg_param': 0.1},264062,0.9405225,0.6660313417632351,0.6408424899921377,0.6531548562617208,0.009369923811126,2026-06-28 23:28:09
QDA,{'reg_param': 0.1},220052,0.93947875,0.6647348165964742,0.6205627944782289,0.6418590420567264,0.00825409784656,2026-06-28 23:28:14
QDA,{'reg_param': 0.1},188616,0.93862125,0.6635560087590706,0.6040444035739501,0.6323748342530673,0.0075766344095495,2026-06-28 23:28:18
QDA,{'reg_param': 0.1},165039,0.93803125,0.6631687120611884,0.5914303521916666,0.6252211693077429,0.0068110013455428,2026-06-28 23:28:23
QDA,{'reg_param': 0.1},146701,0.9374875,0.6624523723625517,0.580718445064956,0.6188692250625428,0.0063666586647147,2026-06-28 23:28:27
QDA,{'reg_param': 0.1},132031,0.937055,0.6618758062237984,0.5721660650631725,0.6137301324808054,0.0062720662086637,2026-06-28 23:28:32
LDA,{},0,0.93481125,0.747637560162832,0.3837132503033243,0.5071264558289987,0.0024251569031201,2026-06-28 23:32:01
LDA,{},660156,0.79974125,0.2995309260604993,0.963359157490577,0.4569323369660346,0.0091425818695702,2026-06-28 23:32:07
LDA,{},440104,0.9413825,0.6120060217879115,0.9000028552985423,0.7285652669703403,0.0035656879831249,2026-06-28 23:32:13
LDA,{},330078,0.960905,0.7624848303689122,0.802780238552421,0.7821108275401935,0.0009995656201277,2026-06-28 23:32:18
LDA,{},264062,0.95985625,0.8066884874863994,0.7111209337562557,0.7558927598202376,0.0005278648771519,2026-06-28 23:32:23
LDA,{},220052,0.9560575,0.8137418699288075,0.6448470819912475,0.7195103600255612,0.002416924678185,2026-06-28 23:32:29
LDA,{},188616,0.95259,0.8104905709706844,0.5972226034513932,0.6876946576317481,0.003145989411695,2026-06-28 23:32:36
LDA,{},165039,0.95006875,0.8069494757975836,0.5635564931861451,0.6636300365930888,0.0040218995844915,2026-06-28 23:32:43
LDA,{},146701,0.948055,0.8021176918552596,0.5385571855346812,0.644417946646673,0.0041103559069244,2026-06-28 23:32:48
LDA,{},132031,0.9465175,0.7977832692229716,0.5198792368253334,0.6295134014902133,0.0039433320705978,2026-06-28 23:32:53
QDA,{'reg_param': 0.0},0,0.9545325,0.8001815867937226,0.6394695229606092,0.7108233148384009,0.0090833273593414,2026-06-28 23:32:56
QDA,{'reg_param': 0.0},660156,0.8635525,0.3880693960320131,0.964274467822258,0.5531918169265492,0.019583061557456,2026-06-28 23:33:02
QDA,{'reg_param': 0.0},440104,0.9227225,0.5324019952965561,0.9619003842380976,0.6853174505773338,0.0127648023982637,2026-06-28 23:33:06
QDA,{'reg_param': 0.0},330078,0.9452675,0.6216166307469807,0.9570377719590046,0.7536032506261157,0.0096285503297226,2026-06-28 23:33:11
QDA,{'reg_param': 0.0},264062,0.95478375,0.6720164815840015,0.9438659187802556,0.7849817830200024,0.0074531192544237,2026-06-28 23:33:15
QDA,{'reg_param': 0.0},220052,0.960275,0.7076497015914973,0.9301506272248216,0.803710879006936,0.0060382668462518,2026-06-28 23:33:19
QDA,{'reg_param': 0.0},188616,0.96405,0.7356136534475055,0.9194672935369622,0.8172617385233256,0.0057955782457898,2026-06-28 23:33:24
QDA,{'reg_param': 0.0},165039,0.9666825,0.7587927856616183,0.907525366341348,0.8264567365933855,0.004053437323957,2026-06-28 23:33:28
QDA,{'reg_param': 0.0},146701,0.96769875,0.7729111923548725,0.8928804010344524,0.8285226604941711,0.0058004017651831,2026-06-28 23:33:32
QDA,{'reg_param': 0.0},132031,0.9676175,0.7803268270701083,0.8761760097243778,0.8254285152577395,0.008173521641624,2026-06-28 23:33:36
QDA,{'reg_param': 0.01},0,0.94595,0.7722766727287139,0.541202993931877,0.6363873347169888,0.0060626562230844,2026-06-28 23:33:40
QDA,{'reg_param': 0.01},660156,0.95080375,0.6489220827195735,0.9537054411845316,0.7722314311679768,0.0072378750689928,2026-06-28 23:33:45
QDA,{'reg_param': 0.01},440104,0.96394875,0.7346473033616272,0.9201108146273098,0.8169199380426647,0.0037254682364158,2026-06-28 23:33:50
QDA,{'reg_param': 0.01},330078,0.96546125,0.7649985012545324,0.8729581158793052,0.81536921866964,0.0100993317787004,2026-06-28 23:33:54
QDA,{'reg_param': 0.01},264062,0.963375,0.7711384103875105,0.8260486452058391,0.797591276836504,0.0122756944120757,2026-06-28 23:33:58
QDA,{'reg_param': 0.01},220052,0.96152875,0.7734257927149736,0.7916960851729828,0.7824004208325454,0.012425516717702,2026-06-28 23:34:02
QDA,{'reg_param': 0.01},188616,0.96011,0.775186338152371,0.7655669812949311,0.7702922656642751,0.0122803080474618,2026-06-28 23:34:06
QDA,{'reg_param': 0.01},165039,0.95883,0.7759111735793272,0.7436997847890311,0.7594118524872742,0.0115847759890969,2026-06-28 23:34:10
QDA,{'reg_param': 0.01},146701,0.957835,0.7765928031519935,0.7265378380235771,0.7506857991432476,0.0113155585096387,2026-06-28 23:34:15
QDA,{'reg_param': 0.01},132031,0.9569825,0.7768182180170113,0.7124793584005092,0.7432133138827455,0.010952093136949,2026-06-28 23:34:20
QDA,{'reg_param': 0.05},0,0.93631,0.6995496126385721,0.4755584266486894,0.5661817619693482,0.00582388765113,2026-06-28 23:34:24
QDA,{'reg_param': 0.05},660156,0.95654375,0.7122310289694107,0.8435538669659957,0.7722918186911164,0.0121720680254442,2026-06-28 23:34:30
QDA,{'reg_param': 0.05},440104,0.95272375,0.715858057163149,0.7611477727444165,0.7377579431860278,0.0121365701876062,2026-06-28 23:34:36
QDA,{'reg_param': 0.05},330078,0.95023125,0.7160258507680441,0.7134947534911957,0.7147150412221263,0.0116581755983641,2026-06-28 23:34:40
QDA,{'reg_param': 0.05},264062,0.9485225,0.7158424871978885,0.681530611827481,0.6982304227332852,0.0107161138064061,2026-06-28 23:34:45
QDA,{'reg_param': 0.05},220052,0.94730625,0.715427426170163,0.6593630853668813,0.6862194879051802,0.0098681376738776,2026-06-28 23:34:49
QDA,{'reg_param': 0.05},188616,0.94626,0.7147299405721796,0.6409282808730179,0.6757882033972272,0.0099263553875973,2026-06-28 23:34:53
QDA,{'reg_param': 0.05},165039,0.94537375,0.713891520105966,0.6257828866577381,0.6669138167976785,0.0091337386436585,2026-06-28 23:34:57
QDA,{'reg_param': 0.05},146701,0.94464125,0.7130888067827827,0.6134262764370783,0.6594919581123962,0.0082047719603791,2026-06-28 23:35:01
QDA,{'reg_param': 0.05},132031,0.94395625,0.7119766411960564,0.6025284292421842,0.6526777247042262,0.0075241315014412,2026-06-28 23:35:05
QDA,{'reg_param': 0.1},0,0.931485,0.653505409343664,0.4600411563877283,0.5399357326493432,0.0056650373043555,2026-06-28 23:35:09
QDA,{'reg_param': 0.1},660156,0.94653375,0.6667418759173135,0.7761645046711539,0.7172491803222154,0.0111541324189298,2026-06-28 23:35:15
QDA,{'reg_param': 0.1},440104,0.943555,0.6666671328028551,0.7083319002298147,0.6868233323239179,0.0105796166540594,2026-06-28 23:35:20
QDA,{'reg_param': 0.1},330078,0.94186625,0.666856398562416,0.6691740149015495,0.6679715420253607,0.0096364425209046,2026-06-28 23:35:24
QDA,{'reg_param': 0.1},264062,0.9405225,0.6660313417632351,0.6408424899921377,0.6531548562617208,0.009369923811126,2026-06-28 23:35:29
QDA,{'reg_param': 0.1},220052,0.93947875,0.6647348165964742,0.6205627944782289,0.6418590420567264,0.00825409784656,2026-06-28 23:35:33
QDA,{'reg_param': 0.1},188616,0.93862125,0.6635560087590706,0.6040444035739501,0.6323748342530673,0.0075766344095495,2026-06-28 23:35:37
QDA,{'reg_param': 0.1},165039,0.93803125,0.6631687120611884,0.5914303521916666,0.6252211693077429,0.0068110013455428,2026-06-28 23:35:42
QDA,{'reg_param': 0.1},146701,0.9374875,0.6624523723625517,0.580718445064956,0.6188692250625428,0.0063666586647147,2026-06-28 23:35:46
QDA,{'reg_param': 0.1},132031,0.937055,0.6618758062237984,0.5721660650631725,0.6137301324808054,0.0062720662086637,2026-06-28 23:35:51
LDA,{},0,0.93481125,0.747637560162832,0.3837132503033243,0.5071264558289987,0.0024251569031201,2026-06-28 23:36:16
LDA,{},660156,0.79974125,0.2995309260604993,0.963359157490577,0.4569323369660346,0.0091425818695702,2026-06-28 23:36:24
LDA,{},440104,0.9413825,0.6120060217879115,0.9000028552985423,0.7285652669703403,0.0035656879831249,2026-06-28 23:36:30
LDA,{},330078,0.960905,0.7624848303689122,0.802780238552421,0.7821108275401935,0.0009995656201277,2026-06-28 23:36:36
LDA,{},264062,0.95985625,0.8066884874863994,0.7111209337562557,0.7558927598202376,0.0005278648771519,2026-06-28 23:36:41
LDA,{},220052,0.9560575,0.8137418699288075,0.6448470819912475,0.7195103600255612,0.002416924678185,2026-06-28 23:36:47
LDA,{},188616,0.95259,0.8104905709706844,0.5972226034513932,0.6876946576317481,0.003145989411695,2026-06-28 23:36:52
LDA,{},165039,0.95006875,0.8069494757975836,0.5635564931861451,0.6636300365930888,0.0040218995844915,2026-06-28 23:36:57
LDA,{},146701,0.948055,0.8021176918552596,0.5385571855346812,0.644417946646673,0.0041103559069244,2026-06-28 23:37:02
LDA,{},132031,0.9465175,0.7977832692229716,0.5198792368253334,0.6295134014902133,0.0039433320705978,2026-06-28 23:37:07
QDA,{'reg_param': 0.0},0,0.9545325,0.8001815867937226,0.6394695229606092,0.7108233148384009,0.0090833273593414,2026-06-28 23:37:12
QDA,{'reg_param': 0.0},660156,0.8635525,0.3880693960320131,0.964274467822258,0.5531918169265492,0.019583061557456,2026-06-28 23:37:19
QDA,{'reg_param': 0.0},440104,0.9227225,0.5324019952965561,0.9619003842380976,0.6853174505773338,0.0127648023982637,2026-06-28 23:37:24
QDA,{'reg_param': 0.0},330078,0.9452675,0.6216166307469807,0.9570377719590046,0.7536032506261157,0.0096285503297226,2026-06-28 23:37:29
QDA,{'reg_param': 0.0},264062,0.95478375,0.6720164815840015,0.9438659187802556,0.7849817830200024,0.0074531192544237,2026-06-28 23:37:33
QDA,{'reg_param': 0.0},220052,0.960275,0.7076497015914973,0.9301506272248216,0.803710879006936,0.0060382668462518,2026-06-28 23:37:38
QDA,{'reg_param': 0.0},188616,0.96405,0.7356136534475055,0.9194672935369622,0.8172617385233256,0.0057955782457898,2026-06-28 23:37:43
QDA,{'reg_param': 0.0},165039,0.9666825,0.7587927856616183,0.907525366341348,0.8264567365933855,0.004053437323957,2026-06-28 23:37:47
QDA,{'reg_param': 0.0},146701,0.96769875,0.7729111923548725,0.8928804010344524,0.8285226604941711,0.0058004017651831,2026-06-28 23:37:52
QDA,{'reg_param': 0.0},132031,0.9676175,0.7803268270701083,0.8761760097243778,0.8254285152577395,0.008173521641624,2026-06-28 23:37:57
QDA,{'reg_param': 0.01},0,0.94595,0.7722766727287139,0.541202993931877,0.6363873347169888,0.0060626562230844,2026-06-28 23:38:01
QDA,{'reg_param': 0.01},660156,0.95080375,0.6489220827195735,0.9537054411845316,0.7722314311679768,0.0072378750689928,2026-06-28 23:38:06
QDA,{'reg_param': 0.01},440104,0.96394875,0.7346473033616272,0.9201108146273098,0.8169199380426647,0.0037254682364158,2026-06-28 23:38:12
QDA,{'reg_param': 0.01},330078,0.96546125,0.7649985012545324,0.8729581158793052,0.81536921866964,0.0100993317787004,2026-06-28 23:38:16
QDA,{'reg_param': 0.01},264062,0.963375,0.7711384103875105,0.8260486452058391,0.797591276836504,0.0122756944120757,2026-06-28 23:38:21
QDA,{'reg_param': 0.01},220052,0.96152875,0.7734257927149736,0.7916960851729828,0.7824004208325454,0.012425516717702,2026-06-28 23:38:25
QDA,{'reg_param': 0.01},188616,0.96011,0.775186338152371,0.7655669812949311,0.7702922656642751,0.0122803080474618,2026-06-28 23:38:29
QDA,{'reg_param': 0.01},165039,0.95883,0.7759111735793272,0.7436997847890311,0.7594118524872742,0.0115847759890969,2026-06-28 23:38:34
QDA,{'reg_param': 0.01},146701,0.957835,0.7765928031519935,0.7265378380235771,0.7506857991432476,0.0113155585096387,2026-06-28 23:38:38
QDA,{'reg_param': 0.01},132031,0.9569825,0.7768182180170113,0.7124793584005092,0.7432133138827455,0.010952093136949,2026-06-28 23:38:42
QDA,{'reg_param': 0.05},0,0.93631,0.6995496126385721,0.4755584266486894,0.5661817619693482,0.00582388765113,2026-06-28 23:38:46
QDA,{'reg_param': 0.05},660156,0.95654375,0.7122310289694107,0.8435538669659957,0.7722918186911164,0.0121720680254442,2026-06-28 23:38:52
QDA,{'reg_param': 0.05},440104,0.95272375,0.715858057163149,0.7611477727444165,0.7377579431860278,0.0121365701876062,2026-06-28 23:38:58
QDA,{'reg_param': 0.05},330078,0.95023125,0.7160258507680441,0.7134947534911957,0.7147150412221263,0.0116581755983641,2026-06-28 23:39:03
QDA,{'reg_param': 0.05},264062,0.9485225,0.7158424871978885,0.681530611827481,0.6982304227332852,0.0107161138064061,2026-06-28 23:39:07
QDA,{'reg_param': 0.05},220052,0.94730625,0.715427426170163,0.6593630853668813,0.6862194879051802,0.0098681376738776,2026-06-28 23:39:12
QDA,{'reg_param': 0.05},188616,0.94626,0.7147299405721796,0.6409282808730179,0.6757882033972272,0.0099263553875973,2026-06-28 23:39:16
QDA,{'reg_param': 0.05},165039,0.94537375,0.713891520105966,0.6257828866577381,0.6669138167976785,0.0091337386436585,2026-06-28 23:39:21
QDA,{'reg_param': 0.05},146701,0.94464125,0.7130888067827827,0.6134262764370783,0.6594919581123962,0.0082047719603791,2026-06-28 23:39:25
QDA,{'reg_param': 0.05},132031,0.94395625,0.7119766411960564,0.6025284292421842,0.6526777247042262,0.0075241315014412,2026-06-28 23:39:29
QDA,{'reg_param': 0.1},0,0.931485,0.653505409343664,0.4600411563877283,0.5399357326493432,0.0056650373043555,2026-06-28 23:39:33
QDA,{'reg_param': 0.1},660156,0.94653375,0.6667418759173135,0.7761645046711539,0.7172491803222154,0.0111541324189298,2026-06-28 23:39:39
QDA,{'reg_param': 0.1},440104,0.943555,0.6666671328028551,0.7083319002298147,0.6868233323239179,0.0105796166540594,2026-06-28 23:39:44
QDA,{'reg_param': 0.1},330078,0.94186625,0.666856398562416,0.6691740149015495,0.6679715420253607,0.0096364425209046,2026-06-28 23:39:48
QDA,{'reg_param': 0.1},264062,0.9405225,0.6660313417632351,0.6408424899921377,0.6531548562617208,0.009369923811126,2026-06-28 23:39:53
QDA,{'reg_param': 0.1},220052,0.93947875,0.6647348165964742,0.6205627944782289,0.6418590420567264,0.00825409784656,2026-06-28 23:39:57
QDA,{'reg_param': 0.1},188616,0.93862125,0.6635560087590706,0.6040444035739501,0.6323748342530673,0.0075766344095495,2026-06-28 23:40:01
QDA,{'reg_param': 0.1},165039,0.93803125,0.6631687120611884,0.5914303521916666,0.6252211693077429,0.0068110013455428,2026-06-28 23:40:05
QDA,{'reg_param': 0.1},146701,0.9374875,0.6624523723625517,0.580718445064956,0.6188692250625428,0.0063666586647147,2026-06-28 23:40:09
QDA,{'reg_param': 0.1},132031,0.937055,0.6618758062237984,0.5721660650631725,0.6137301324808054,0.0062720662086637,2026-06-28 23:40:13
LDA,{},0,0.93481125,0.747637560162832,0.3837132503033243,0.5071264558289987,0.0024251569031201,2026-06-28 23:47:50
LDA,{},660156,0.79974125,0.2995309260604993,0.963359157490577,0.4569323369660346,0.0091425818695702,2026-06-28 23:47:59
LDA,{},440104,0.9413825,0.6120060217879115,0.9000028552985423,0.7285652669703403,0.0035656879831249,2026-06-28 23:48:05
LDA,{},330078,0.960905,0.7624848303689122,0.802780238552421,0.7821108275401935,0.0009995656201277,2026-06-28 23:48:11
LDA,{},264062,0.95985625,0.8066884874863994,0.7111209337562557,0.7558927598202376,0.0005278648771519,2026-06-28 23:48:17
LDA,{},220052,0.9560575,0.8137418699288075,0.6448470819912475,0.7195103600255612,0.002416924678185,2026-06-28 23:48:22
LDA,{},188616,0.95259,0.8104905709706844,0.5972226034513932,0.6876946576317481,0.003145989411695,2026-06-28 23:48:27
LDA,{},165039,0.95006875,0.8069494757975836,0.5635564931861451,0.6636300365930888,0.0040218995844915,2026-06-28 23:48:32
LDA,{},146701,0.948055,0.8021176918552596,0.5385571855346812,0.644417946646673,0.0041103559069244,2026-06-28 23:48:37
LDA,{},132031,0.9465175,0.7977832692229716,0.5198792368253334,0.6295134014902133,0.0039433320705978,2026-06-28 23:48:42
QDA,{'reg_param': 0.0},0,0.9545325,0.8001815867937226,0.6394695229606092,0.7108233148384009,0.0090833273593414,2026-06-28 23:48:47
QDA,{'reg_param': 0.0},660156,0.8635525,0.3880693960320131,0.964274467822258,0.5531918169265492,0.019583061557456,2026-06-28 23:48:53
QDA,{'reg_param': 0.0},440104,0.9227225,0.5324019952965561,0.9619003842380976,0.6853174505773338,0.0127648023982637,2026-06-28 23:48:59
QDA,{'reg_param': 0.0},330078,0.9452675,0.6216166307469807,0.9570377719590046,0.7536032506261157,0.0096285503297226,2026-06-28 23:49:05
QDA,{'reg_param': 0.0},264062,0.95478375,0.6720164815840015,0.9438659187802556,0.7849817830200024,0.0074531192544237,2026-06-28 23:49:11
QDA,{'reg_param': 0.0},220052,0.960275,0.7076497015914973,0.9301506272248216,0.803710879006936,0.0060382668462518,2026-06-28 23:49:16
QDA,{'reg_param': 0.0},188616,0.96405,0.7356136534475055,0.9194672935369622,0.8172617385233256,0.0057955782457898,2026-06-28 23:49:21
QDA,{'reg_param': 0.0},165039,0.9666825,0.7587927856616183,0.907525366341348,0.8264567365933855,0.004053437323957,2026-06-28 23:49:26
QDA,{'reg_param': 0.0},146701,0.96769875,0.7729111923548725,0.8928804010344524,0.8285226604941711,0.0058004017651831,2026-06-28 23:49:31
QDA,{'reg_param': 0.0},132031,0.9676175,0.7803268270701083,0.8761760097243778,0.8254285152577395,0.008173521641624,2026-06-28 23:49:35
QDA,{'reg_param': 0.01},0,0.94595,0.7722766727287139,0.541202993931877,0.6363873347169888,0.0060626562230844,2026-06-28 23:49:39
QDA,{'reg_param': 0.01},660156,0.95080375,0.6489220827195735,0.9537054411845316,0.7722314311679768,0.0072378750689928,2026-06-28 23:49:46
QDA,{'reg_param': 0.01},440104,0.96394875,0.7346473033616272,0.9201108146273098,0.8169199380426647,0.0037254682364158,2026-06-28 23:49:52
QDA,{'reg_param': 0.01},330078,0.96546125,0.7649985012545324,0.8729581158793052,0.81536921866964,0.0100993317787004,2026-06-28 23:49:57
QDA,{'reg_param': 0.01},264062,0.963375,0.7711384103875105,0.8260486452058391,0.797591276836504,0.0122756944120757,2026-06-28 23:50:02
QDA,{'reg_param': 0.01},220052,0.96152875,0.7734257927149736,0.7916960851729828,0.7824004208325454,0.012425516717702,2026-06-28 23:50:07
QDA,{'reg_param': 0.01},188616,0.96011,0.775186338152371,0.7655669812949311,0.7702922656642751,0.0122803080474618,2026-06-28 23:50:12
QDA,{'reg_param': 0.01},165039,0.95883,0.7759111735793272,0.7436997847890311,0.7594118524872742,0.0115847759890969,2026-06-28 23:50:17
QDA,{'reg_param': 0.01},146701,0.957835,0.7765928031519935,0.7265378380235771,0.7506857991432476,0.0113155585096387,2026-06-28 23:50:21
QDA,{'reg_param': 0.01},132031,0.9569825,0.7768182180170113,0.7124793584005092,0.7432133138827455,0.010952093136949,2026-06-28 23:50:25
QDA,{'reg_param': 0.05},0,0.93631,0.6995496126385721,0.4755584266486894,0.5661817619693482,0.00582388765113,2026-06-28 23:50:29
QDA,{'reg_param': 0.05},660156,0.95654375,0.7122310289694107,0.8435538669659957,0.7722918186911164,0.0121720680254442,2026-06-28 23:50:35
QDA,{'reg_param': 0.05},440104,0.95272375,0.715858057163149,0.7611477727444165,0.7377579431860278,0.0121365701876062,2026-06-28 23:50:40
QDA,{'reg_param': 0.05},330078,0.95023125,0.7160258507680441,0.7134947534911957,0.7147150412221263,0.0116581755983641,2026-06-28 23:50:45
QDA,{'reg_param': 0.05},264062,0.9485225,0.7158424871978885,0.681530611827481,0.6982304227332852,0.0107161138064061,2026-06-28 23:50:50
QDA,{'reg_param': 0.05},220052,0.94730625,0.715427426170163,0.6593630853668813,0.6862194879051802,0.0098681376738776,2026-06-28 23:50:54
QDA,{'reg_param': 0.05},188616,0.94626,0.7147299405721796,0.6409282808730179,0.6757882033972272,0.0099263553875973,2026-06-28 23:50:58
QDA,{'reg_param': 0.05},165039,0.94537375,0.713891520105966,0.6257828866577381,0.6669138167976785,0.0091337386436585,2026-06-28 23:51:02
QDA,{'reg_param': 0.05},146701,0.94464125,0.7130888067827827,0.6134262764370783,0.6594919581123962,0.0082047719603791,2026-06-28 23:51:07
QDA,{'reg_param': 0.05},132031,0.94395625,0.7119766411960564,0.6025284292421842,0.6526777247042262,0.0075241315014412,2026-06-28 23:51:10
QDA,{'reg_param': 0.1},0,0.931485,0.653505409343664,0.4600411563877283,0.5399357326493432,0.0056650373043555,2026-06-28 23:51:14
QDA,{'reg_param': 0.1},660156,0.94653375,0.6667418759173135,0.7761645046711539,0.7172491803222154,0.0111541324189298,2026-06-28 23:51:19
QDA,{'reg_param': 0.1},440104,0.943555,0.6666671328028551,0.7083319002298147,0.6868233323239179,0.0105796166540594,2026-06-28 23:51:24
QDA,{'reg_param': 0.1},330078,0.94186625,0.666856398562416,0.6691740149015495,0.6679715420253607,0.0096364425209046,2026-06-28 23:51:28
QDA,{'reg_param': 0.1},264062,0.9405225,0.6660313417632351,0.6408424899921377,0.6531548562617208,0.009369923811126,2026-06-28 23:51:33
QDA,{'reg_param': 0.1},220052,0.93947875,0.6647348165964742,0.6205627944782289,0.6418590420567264,0.00825409784656,2026-06-28 23:51:37
QDA,{'reg_param': 0.1},188616,0.93862125,0.6635560087590706,0.6040444035739501,0.6323748342530673,0.0075766344095495,2026-06-28 23:51:41
QDA,{'reg_param': 0.1},165039,0.93803125,0.6631687120611884,0.5914303521916666,0.6252211693077429,0.0068110013455428,2026-06-28 23:51:45
QDA,{'reg_param': 0.1},146701,0.9374875,0.6624523723625517,0.580718445064956,0.6188692250625428,0.0063666586647147,2026-06-28 23:51:49
QDA,{'reg_param': 0.1},132031,0.937055,0.6618758062237984,0.5721660650631725,0.6137301324808054,0.0062720662086637,2026-06-28 23:51:53
Logistic Regression,"{'C': 0.1, 'max_iter': 1000}",0,0.95803375,0.8904809461340696,0.5927747693057861,0.7117366875143614,0.0027531751548625,2026-06-28 23:52:15
Logistic Regression,"{'C': 0.1, 'max_iter': 1000}",660156,0.8404475000000001,0.3508264418228504,0.9699665126250828,0.5152587848298995,0.0064730135816952,2026-06-28 23:53:18
Logistic Regression,"{'C': 0.1, 'max_iter': 1000}",440104,0.9242725,0.5378262721030433,0.950101523657662,0.6868403277372908,0.0027586513168995,2026-06-28 23:54:12
Logistic Regression,"{'C': 0.1, 'max_iter': 1000}",330078,0.94683,0.6390127326516767,0.9002602668026956,0.7474624105940848,0.001817215943065,2026-06-28 23:54:52
Logistic Regression,"{'C': 0.1, 'max_iter': 1000}",264062,0.955915,0.7025493473747079,0.8595720396321982,0.7731622842234678,0.0017647287749707,2026-06-28 23:55:29
Logistic Regression,"{'C': 0.1, 'max_iter': 1000}",220052,0.9607325,0.7479565718896863,0.8306398312919449,0.7871310150037075,0.0004586393096526,2026-06-28 23:56:07
Logistic Regression,"{'C': 0.1, 'max_iter': 1000}",188616,0.9631325,0.7799403329971576,0.8054546142524396,0.7924896066796971,0.0009589880715621,2026-06-28 23:56:43
Logistic Regression,"{'C': 0.1, 'max_iter': 1000}",165039,0.9636837499999998,0.7989721431666981,0.781013089989356,0.789886705901506,0.0015241565905161,2026-06-28 23:57:13
Logistic Regression,"{'C': 0.1, 'max_iter': 1000}",146701,0.96358625,0.8111821807746142,0.7603901153900592,0.7849605251633383,0.0013209123282524,2026-06-28 23:57:45
Logistic Regression,"{'C': 0.1, 'max_iter': 1000}",132031,0.96317125,0.8198797734606675,0.7415548348222065,0.7787480889717789,0.0011440297941141,2026-06-28 23:58:16
Logistic Regression,"{'C': 1.0, 'max_iter': 1000}",0,0.95884375,0.8920346517316551,0.6019993276958232,0.7188509832734746,0.0025690880901711,2026-06-28 23:58:41
Logistic Regression,"{'C': 1.0, 'max_iter': 1000}",660156,0.84038,0.350726647781057,0.9699522115882578,0.5151491750397681,0.0064486515204895,2026-06-28 23:59:40
Logistic Regression,"{'C': 1.0, 'max_iter': 1000}",440104,0.92423875,0.5377060806984144,0.950158730872977,0.6867573124878966,0.0027450813233222,2026-06-29 00:00:32
Logistic Regression,"{'C': 1.0, 'max_iter': 1000}",330078,0.94682125,0.6389526257953616,0.9003317699414787,0.7474461128660507,0.0017959605975904,2026-06-29 00:01:10
Logistic Regression,"{'C': 1.0, 'max_iter': 1000}",264062,0.9559,0.7024187629232189,0.8596721479126458,0.773123225618486,0.0018064996616183,2026-06-29 00:01:43
Logistic Regression,"{'C': 1.0, 'max_iter': 1000}",220052,0.96068875,0.7475061196960449,0.8308972622268547,0.7869966609418229,0.0006272543896875,2026-06-29 00:02:22
Logistic Regression,"{'C': 1.0, 'max_iter': 1000}",188616,0.96315375,0.7798676015523309,0.8059265678984266,0.7926806255725903,0.0009260913526543,2026-06-29 00:02:54
Logistic Regression,"{'C': 1.0, 'max_iter': 1000}",165039,0.9637,0.7987123337843518,0.7816852642869241,0.790103597596752,0.0014872179184347,2026-06-29 00:03:24
Logistic Regression,"{'C': 1.0, 'max_iter': 1000}",146701,0.9636475,0.8112374135929606,0.7612196031380467,0.7854279554025482,0.001241699265879,2026-06-29 00:03:52
Logistic Regression,"{'C': 1.0, 'max_iter': 1000}",132031,0.96327875,0.8200826320015878,0.7428419813153845,0.7795491549027052,0.0011123785449417,2026-06-29 00:04:23
Logistic Regression,"{'C': 10.0, 'max_iter': 1000}",0,0.95894,0.8921267733643192,0.6031720730530995,0.7197166265150254,0.0026317584380828,2026-06-29 00:04:47
Logistic Regression,"{'C': 10.0, 'max_iter': 1000}",660156,0.8403375000000001,0.3506656464689525,0.9699522115882578,0.5150831818109481,0.0064747145194207,2026-06-29 00:05:47
Logistic Regression,"{'C': 10.0, 'max_iter': 1000}",440104,0.92422875,0.5376685303064578,0.9502302411704596,0.6867452178128992,0.0027316816223601,2026-06-29 00:06:31
Logistic Regression,"{'C': 10.0, 'max_iter': 1000}",330078,0.94682125,0.6389552810003758,0.9003174709499963,0.7474430792212542,0.0017824668379201,2026-06-29 00:07:07
Logistic Regression,"{'C': 10.0, 'max_iter': 1000}",264062,0.9558825,0.7022978284025921,0.8596864499721425,0.7730562039412198,0.0017556466611643,2026-06-29 00:07:39
Logistic Regression,"{'C': 10.0, 'max_iter': 1000}",220052,0.96069625,0.7475323028898219,0.8309687684336519,0.7870431342391516,0.0006196859604385,2026-06-29 00:08:14
Logistic Regression,"{'C': 10.0, 'max_iter': 1000}",188616,0.96315625,0.7798110764564015,0.8060695833800354,0.7927207661166872,0.0009337908190656,2026-06-29 00:08:48
Logistic Regression,"{'C': 10.0, 'max_iter': 1000}",165039,0.9637162499999998,0.7987775697650074,0.7818282859045611,0.7902086320350381,0.0016778808814046,2026-06-29 00:09:23
Logistic Regression,"{'C': 10.0, 'max_iter': 1000}",146701,0.963655,0.8112356125976408,0.761334018591348,0.785488103012621,0.0012278943607807,2026-06-29 00:09:57
Logistic Regression,"{'C': 10.0, 'max_iter': 1000}",132031,0.9632775,0.8200494419279776,0.7428705823663634,0.7795498902790365,0.0011058999184001,2026-06-29 00:10:23
Random Forest,"{'class_weight': None, 'max_depth': 8, 'min_samples_leaf': 1, 'n_estimators': 100, 'n_jobs': -1, 'random_state': 4267}",0,0.9999825,1.0,0.9997997752577336,0.9998998748434812,5.875800741982997e-05,2026-06-29 00:12:19
Random Forest,"{'class_weight': None, 'max_depth': 8, 'min_samples_leaf': 1, 'n_estimators': 100, 'n_jobs': -1, 'random_state': 4267}",660156,0.99220875,0.9198976026739252,0.998054992518136,0.9573145675980412,0.0081062967089073,2026-06-29 00:16:34
Random Forest,"{'class_weight': None, 'max_depth': 8, 'min_samples_leaf': 1, 'n_estimators': 100, 'n_jobs': -1, 'random_state': 4267}",440104,0.99601375,0.9593692519570288,0.9966248315660208,0.97763563993755,0.0022339081410922,2026-06-29 00:20:35
Random Forest,"{'class_weight': None, 'max_depth': 8, 'min_samples_leaf': 1, 'n_estimators': 100, 'n_jobs': -1, 'random_state': 4267}",330078,0.99766125,0.9774979989622884,0.996195757509067,0.986752467922024,0.0022547009216688,2026-06-29 00:24:17
Random Forest,"{'class_weight': None, 'max_depth': 8, 'min_samples_leaf': 1, 'n_estimators': 100, 'n_jobs': -1, 'random_state': 4267}",264062,0.9983075,0.984861906023001,0.995952641928382,0.9903738069843776,0.0013137992223833,2026-06-29 00:27:07
Random Forest,"{'class_weight': None, 'max_depth': 8, 'min_samples_leaf': 1, 'n_estimators': 100, 'n_jobs': -1, 'random_state': 4267}",220052,0.99865625,0.9891882723832532,0.9955092801293312,0.9923377830692586,0.0007646072645793,2026-06-29 00:30:05
Random Forest,"{'class_weight': None, 'max_depth': 8, 'min_samples_leaf': 1, 'n_estimators': 100, 'n_jobs': -1, 'random_state': 4267}",188616,0.9989225,0.9915329344085262,0.9961814574949132,0.9938508226835798,0.0008896054674428,2026-06-29 00:33:10
Random Forest,"{'class_weight': None, 'max_depth': 8, 'min_samples_leaf': 1, 'n_estimators': 100, 'n_jobs': -1, 'random_state': 4267}",165039,0.99910375,0.9936388516151082,0.9961242318715132,0.994879141329622,0.0007135599186422,2026-06-29 00:36:11
Random Forest,"{'class_weight': None, 'max_depth': 8, 'min_samples_leaf': 1, 'n_estimators': 100, 'n_jobs': -1, 'random_state': 4267}",146701,0.9991725,0.9947574688552572,0.9957809896022952,0.9952685490876676,0.0006767756176701,2026-06-29 00:38:53
Random Forest,"{'class_weight': None, 'max_depth': 8, 'min_samples_leaf': 1, 'n_estimators': 100, 'n_jobs': -1, 'random_state': 4267}",132031,0.99927,0.9955128015978568,0.9961385482484092,0.995825160712597,0.0003581570997084,2026-06-29 00:40:58
Random Forest,"{'class_weight': None, 'max_depth': 8, 'min_samples_leaf': 1, 'n_estimators': 200, 'n_jobs': -1, 'random_state': 4267}",0,0.9999825,1.0,0.9997997752577336,0.9998998748434812,5.875800741982997e-05,2026-06-29 00:43:38
Random Forest,"{'class_weight': None, 'max_depth': 8, 'min_samples_leaf': 1, 'n_estimators': 200, 'n_jobs': -1, 'random_state': 4267}",660156,0.99205875,0.9178136017712988,0.9987128565748362,0.9565230690746632,0.0058981924847839,2026-06-29 00:52:07
Random Forest,"{'class_weight': None, 'max_depth': 8, 'min_samples_leaf': 1, 'n_estimators': 200, 'n_jobs': -1, 'random_state': 4267}",440104,0.99618875,0.9606384908716666,0.9972683996992528,0.9786074599411873,0.0014256803709056,2026-06-29 00:56:39
Random Forest,"{'class_weight': None, 'max_depth': 8, 'min_samples_leaf': 1, 'n_estimators': 200, 'n_jobs': -1, 'random_state': 4267}",330078,0.99784,0.9794337246522946,0.99621008615802,0.9877490185441464,0.0008428640291961,2026-06-29 01:00:29
Random Forest,"{'class_weight': None, 'max_depth': 8, 'min_samples_leaf': 1, 'n_estimators': 200, 'n_jobs': -1, 'random_state': 4267}",264062,0.99835125,0.9857989082267462,0.9954806954410944,0.9906148121586206,0.0009801165220259,2026-06-29 01:04:04
Random Forest,"{'class_weight': None, 'max_depth': 8, 'min_samples_leaf': 1, 'n_estimators': 200, 'n_jobs': -1, 'random_state': 4267}",220052,0.9986525,0.9892163160841706,0.9954377933532904,0.9923161064995176,0.0007736187688609,2026-06-29 01:07:29
Random Forest,"{'class_weight': None, 'max_depth': 8, 'min_samples_leaf': 1, 'n_estimators': 200, 'n_jobs': -1, 'random_state': 4267}",188616,0.99892,0.9918392454484716,0.9958382356791232,0.9938342840909418,0.001017808786645,2026-06-29 01:10:47
Random Forest,"{'class_weight': None, 'max_depth': 8, 'min_samples_leaf': 1, 'n_estimators': 200, 'n_jobs': -1, 'random_state': 4267}",165039,0.99912875,0.9941620420050508,0.9958811306082276,0.9950203096614196,0.0005829529652368,2026-06-29 01:13:59
Random Forest,"{'class_weight': None, 'max_depth': 8, 'min_samples_leaf': 1, 'n_estimators': 200, 'n_jobs': -1, 'random_state': 4267}",146701,0.99919625,0.995296657675614,0.9955092709252884,0.9954026331224264,0.0008480628612118,2026-06-29 01:17:07
Random Forest,"{'class_weight': None, 'max_depth': 8, 'min_samples_leaf': 1, 'n_estimators': 200, 'n_jobs': -1, 'random_state': 4267}",132031,0.99932875,0.996025767359052,0.9962958657895148,0.9961606549706614,0.0004598536721455,2026-06-29 01:20:13
Random Forest,"{'class_weight': None, 'max_depth': 8, 'min_samples_leaf': 5, 'n_estimators': 100, 'n_jobs': -1, 'random_state': 4267}",0,0.99997875,1.0,0.9997568701019152,0.9998784148490556,8.23298641043003e-05,2026-06-29 01:21:22
Random Forest,"{'class_weight': None, 'max_depth': 8, 'min_samples_leaf': 5, 'n_estimators': 100, 'n_jobs': -1, 'random_state': 4267}",660156,0.992295,0.9211154380776758,0.997296959843376,0.957682066631174,0.0028720524757597,2026-06-29 01:24:04
Random Forest,"{'class_weight': None, 'max_depth': 8, 'min_samples_leaf': 5, 'n_estimators': 100, 'n_jobs': -1, 'random_state': 4267}",440104,0.99598625,0.9598848423964588,0.9956951813360015,0.9774605077343492,0.0014078837772307,2026-06-29 01:26:20
Random Forest,"{'class_weight': None, 'max_depth': 8, 'min_samples_leaf': 5, 'n_estimators': 100, 'n_jobs': -1, 'random_state': 4267}",330078,0.99745125,0.9762105654127884,0.9951088255314412,0.9855638080498974,0.0021681729813908,2026-06-29 01:28:19
Random Forest,"{'class_weight': None, 'max_depth': 8, 'min_samples_leaf': 5, 'n_estimators': 100, 'n_jobs': -1, 'random_state': 4267}",264062,0.998285,0.98461206490369,0.9959526347696824,0.9902456758792548,0.0005378892871906,2026-06-29 01:30:11
Random Forest,"{'class_weight': None, 'max_depth': 8, 'min_samples_leaf': 5, 'n_estimators': 100, 'n_jobs': -1, 'random_state': 4267}",220052,0.99863625,0.9885882274912274,0.9958954469851238,0.992227132494394,0.000828680059876,2026-06-29 01:31:59
Random Forest,"{'class_weight': None, 'max_depth': 8, 'min_samples_leaf': 5, 'n_estimators': 100, 'n_jobs': -1, 'random_state': 4267}",188616,0.998825,0.9916503121277896,0.9949371783187118,0.9932891463124148,0.0012931928968598,2026-06-29 01:33:42
Random Forest,"{'class_weight': None, 'max_depth': 8, 'min_samples_leaf': 5, 'n_estimators': 100, 'n_jobs': -1, 'random_state': 4267}",165039,0.999075,0.9938901552123705,0.9955378689082532,0.9947126733496968,0.0005792013459009,2026-06-29 01:35:24
Random Forest,"{'class_weight': None, 'max_depth': 8, 'min_samples_leaf': 5, 'n_estimators': 100, 'n_jobs': -1, 'random_state': 4267}",146701,0.99914875,0.9946855792478156,0.9955807658827004,0.9951325007128988,0.0006824112173042,2026-06-29 01:37:03
Random Forest,"{'class_weight': None, 'max_depth': 8, 'min_samples_leaf': 5, 'n_estimators': 100, 'n_jobs': -1, 'random_state': 4267}",132031,0.99928125,0.995867304312912,0.9959097173418072,0.9958884062051874,0.0004568006435825,2026-06-29 01:38:41
Random Forest,"{'class_weight': None, 'max_depth': 8, 'min_samples_leaf': 5, 'n_estimators': 200, 'n_jobs': -1, 'random_state': 4267}",0,0.9999775,1.0,0.9997425690650902,0.9998712640749844,6.971588420481567e-05,2026-06-29 01:40:44
Random Forest,"{'class_weight': None, 'max_depth': 8, 'min_samples_leaf': 5, 'n_estimators': 200, 'n_jobs': -1, 'random_state': 4267}",660156,0.991985,0.9175590562430036,0.998012056682176,0.9560842537129188,0.0027436603086717,2026-06-29 01:45:54
Random Forest,"{'class_weight': None, 'max_depth': 8, 'min_samples_leaf': 5, 'n_estimators': 200, 'n_jobs': -1, 'random_state': 4267}",440104,0.99627375,0.9625929300476738,0.9960813389877516,0.9790493904069084,0.0014347360524313,2026-06-29 01:50:11
Random Forest,"{'class_weight': None, 'max_depth': 8, 'min_samples_leaf': 5, 'n_estimators': 200, 'n_jobs': -1, 'random_state': 4267}",330078,0.99776875,0.9789856712489428,0.9958525203532064,0.98734590917632,0.0011145695666622,2026-06-29 01:53:58
Random Forest,"{'class_weight': None, 'max_depth': 8, 'min_samples_leaf': 5, 'n_estimators': 200, 'n_jobs': -1, 'random_state': 4267}",264062,0.998365,0.9856241194525536,0.9958239366876408,0.9906953029609132,0.0010332803225099,2026-06-29 01:57:31
Random Forest,"{'class_weight': None, 'max_depth': 8, 'min_samples_leaf': 5, 'n_estimators': 200, 'n_jobs': -1, 'random_state': 4267}",220052,0.99861125,0.9892257846542531,0.9949515345797928,0.99207930503814,0.0011786128287697,2026-06-29 02:00:55
Random Forest,"{'class_weight': None, 'max_depth': 8, 'min_samples_leaf': 5, 'n_estimators': 200, 'n_jobs': -1, 'random_state': 4267}",188616,0.99888375,0.9917936355590976,0.9954663852002268,0.9936261434070872,0.0008372655575013,2026-06-29 02:04:12
Random Forest,"{'class_weight': None, 'max_depth': 8, 'min_samples_leaf': 5, 'n_estimators': 200, 'n_jobs': -1, 'random_state': 4267}",165039,0.99909875,0.9944704402015112,0.9952232358713856,0.9948461551107648,0.0007348114141423,2026-06-29 02:07:25
Random Forest,"{'class_weight': None, 'max_depth': 8, 'min_samples_leaf': 5, 'n_estimators': 200, 'n_jobs': -1, 'random_state': 4267}",146701,0.99921375,0.9955668680684202,0.9954377493784204,0.9955018391411354,0.0007839793913857,2026-06-29 02:10:34
Random Forest,"{'class_weight': None, 'max_depth': 8, 'min_samples_leaf': 5, 'n_estimators': 200, 'n_jobs': -1, 'random_state': 4267}",132031,0.9993275,0.996309216227273,0.9959955389028292,0.996152261332127,0.000590603713494,2026-06-29 02:13:40
Random Forest,"{'class_weight': None, 'max_depth': 10, 'min_samples_leaf': 1, 'n_estimators': 100, 'n_jobs': -1, 'random_state': 4267}",0,0.9999850000000002,1.0,0.9998283793767268,0.9999141799717236,5.423000467349033e-05,2026-06-29 02:14:49
Random Forest,"{'class_weight': None, 'max_depth': 10, 'min_samples_leaf': 1, 'n_estimators': 100, 'n_jobs': -1, 'random_state': 4267}",660156,0.99413875,0.9372462012297113,0.9998998876288668,0.967557227601108,0.0018296922344747,2026-06-29 02:17:57
Random Forest,"{'class_weight': None, 'max_depth': 10, 'min_samples_leaf': 1, 'n_estimators': 100, 'n_jobs': -1, 'random_state': 4267}",440104,0.99658875,0.9625374370205176,0.9998998876288668,0.9808600789319032,0.001946031174885,2026-06-29 02:20:35
Random Forest,"{'class_weight': None, 'max_depth': 10, 'min_samples_leaf': 1, 'n_estimators': 100, 'n_jobs': -1, 'random_state': 4267}",330078,0.9978987499999998,0.9766339232433534,0.9998855855693703,0.9881219614332608,0.0011519785723278,2026-06-29 02:22:54
Random Forest,"{'class_weight': None, 'max_depth': 10, 'min_samples_leaf': 1, 'n_estimators': 100, 'n_jobs': -1, 'random_state': 4267}",264062,0.9984425,0.9830262515142032,0.9994422462690904,0.9911649087033588,0.0011466319981084,2026-06-29 02:25:06
Random Forest,"{'class_weight': None, 'max_depth': 10, 'min_samples_leaf': 1, 'n_estimators': 100, 'n_jobs': -1, 'random_state': 4267}",220052,0.9988375000000002,0.9874421038688316,0.9994136513541396,0.993390282984488,0.0006413594620299,2026-06-29 02:27:13
Random Forest,"{'class_weight': None, 'max_depth': 10, 'min_samples_leaf': 1, 'n_estimators': 100, 'n_jobs': -1, 'random_state': 4267}",188616,0.9992,0.9910437740275272,0.9998855855693703,0.9954444217041692,0.0009096807110868,2026-06-29 02:29:17
Random Forest,"{'class_weight': None, 'max_depth': 10, 'min_samples_leaf': 1, 'n_estimators': 100, 'n_jobs': -1, 'random_state': 4267}",165039,0.9993625,0.9928737194425794,0.9998855865920416,0.996366592023471,0.0009127490636147,2026-06-29 02:31:18
Random Forest,"{'class_weight': None, 'max_depth': 10, 'min_samples_leaf': 1, 'n_estimators': 100, 'n_jobs': -1, 'random_state': 4267}",146701,0.9994825,0.994255209803639,0.99985698349572,0.997048035897616,0.0004465793150074,2026-06-29 02:33:17
Random Forest,"{'class_weight': None, 'max_depth': 10, 'min_samples_leaf': 1, 'n_estimators': 100, 'n_jobs': -1, 'random_state': 4267}",132031,0.9995762500000002,0.9953027921539328,0.9998712835098736,0.997581611371124,0.0005044053240819,2026-06-29 02:35:14
Random Forest,"{'class_weight': None, 'max_depth': 10, 'min_samples_leaf': 1, 'n_estimators': 200, 'n_jobs': -1, 'random_state': 4267}",0,0.9999850000000002,1.0,0.9998283793767268,0.9999141799717236,5.423000467349033e-05,2026-06-29 02:37:21
Random Forest,"{'class_weight': None, 'max_depth': 10, 'min_samples_leaf': 1, 'n_estimators': 200, 'n_jobs': -1, 'random_state': 4267}",660156,0.99418375,0.9377202920010094,0.9998712835098736,0.9677968612600808,0.0016119821632498,2026-06-29 02:43:16
Random Forest,"{'class_weight': None, 'max_depth': 10, 'min_samples_leaf': 1, 'n_estimators': 200, 'n_jobs': -1, 'random_state': 4267}",440104,0.996675,0.9634458363708142,0.9998998876288668,0.981333265665133,0.0012577353589475,2026-06-29 02:48:20
Random Forest,"{'class_weight': None, 'max_depth': 10, 'min_samples_leaf': 1, 'n_estimators': 200, 'n_jobs': -1, 'random_state': 4267}",330078,0.9979525,0.9772082793880074,0.9998998876288668,0.9884226457125171,0.0012330565441584,2026-06-29 02:52:46
Random Forest,"{'class_weight': None, 'max_depth': 10, 'min_samples_leaf': 1, 'n_estimators': 200, 'n_jobs': -1, 'random_state': 4267}",264062,0.9985425,0.9836960164582866,0.9998998876288668,0.991731015728872,0.0009641606538267,2026-06-29 02:56:59
Random Forest,"{'class_weight': None, 'max_depth': 10, 'min_samples_leaf': 1, 'n_estimators': 200, 'n_jobs': -1, 'random_state': 4267}",220052,0.99894125,0.9881440317014494,0.9998855855693703,0.9939795877148844,0.0008641802667588,2026-06-29 03:01:02
Random Forest,"{'class_weight': None, 'max_depth': 10, 'min_samples_leaf': 1, 'n_estimators': 200, 'n_jobs': -1, 'random_state': 4267}",188616,0.9991975,0.9910158445878958,0.9998855855693703,0.9954302905232282,0.0009414304783872,2026-06-29 03:05:00
Random Forest,"{'class_weight': None, 'max_depth': 10, 'min_samples_leaf': 1, 'n_estimators': 200, 'n_jobs': -1, 'random_state': 4267}",165039,0.99937375,0.9930006553251752,0.9998855855693703,0.9964305161877258,0.00095560094796,2026-06-29 03:08:51
Random Forest,"{'class_weight': None, 'max_depth': 10, 'min_samples_leaf': 1, 'n_estimators': 200, 'n_jobs': -1, 'random_state': 4267}",146701,0.9995,0.9944395036957194,0.9998712845325451,0.9971477146378857,0.0005597097846252,2026-06-29 03:12:39
Random Forest,"{'class_weight': None, 'max_depth': 10, 'min_samples_leaf': 1, 'n_estimators': 200, 'n_jobs': -1, 'random_state': 4267}",132031,0.999605,0.9956286907794551,0.9998712835098736,0.997745302627389,0.0004443249212803,2026-06-29 03:16:24
Random Forest,"{'class_weight': None, 'max_depth': 10, 'min_samples_leaf': 5, 'n_estimators': 100, 'n_jobs': -1, 'random_state': 4267}",0,0.99998,1.0,0.9997711711387404,0.9998855676688722,7.75305921285794e-05,2026-06-29 03:17:32
Random Forest,"{'class_weight': None, 'max_depth': 10, 'min_samples_leaf': 5, 'n_estimators': 100, 'n_jobs': -1, 'random_state': 4267}",660156,0.99413625,0.937260453701446,0.9998712835098736,0.967547274482174,0.0029207778046647,2026-06-29 03:20:41
Random Forest,"{'class_weight': None, 'max_depth': 10, 'min_samples_leaf': 5, 'n_estimators': 100, 'n_jobs': -1, 'random_state': 4267}",440104,0.99682125,0.9650428027725764,0.9998569824730484,0.9821395924246932,0.0015047946358884,2026-06-29 03:23:19
Random Forest,"{'class_weight': None, 'max_depth': 10, 'min_samples_leaf': 5, 'n_estimators': 100, 'n_jobs': -1, 'random_state': 4267}",330078,0.99775625,0.9751060808779084,0.999856981450377,0.9873257993135331,0.0009073273741579,2026-06-29 03:25:41
Random Forest,"{'class_weight': None, 'max_depth': 10, 'min_samples_leaf': 5, 'n_estimators': 100, 'n_jobs': -1, 'random_state': 4267}",264062,0.99848875,0.9831001163633066,0.9998998876288668,0.9914283638164256,0.0007551790328718,2026-06-29 03:27:56
Random Forest,"{'class_weight': None, 'max_depth': 10, 'min_samples_leaf': 5, 'n_estimators': 100, 'n_jobs': -1, 'random_state': 4267}",220052,0.99877625,0.9867714540275774,0.9993993492946432,0.9930441067735692,0.0005227872595046,2026-06-29 03:30:05
Random Forest,"{'class_weight': None, 'max_depth': 10, 'min_samples_leaf': 5, 'n_estimators': 100, 'n_jobs': -1, 'random_state': 4267}",188616,0.99917,0.9907052821962584,0.9998855855693703,0.9952740039882922,0.0005637963592798,2026-06-29 03:32:09
Random Forest,"{'class_weight': None, 'max_depth': 10, 'min_samples_leaf': 5, 'n_estimators': 100, 'n_jobs': -1, 'random_state': 4267}",165039,0.9993525,0.9927599137317872,0.9998855865920416,0.9963095446917682,0.0006994603872482,2026-06-29 03:34:11
Random Forest,"{'class_weight': None, 'max_depth': 10, 'min_samples_leaf': 5, 'n_estimators': 100, 'n_jobs': -1, 'random_state': 4267}",146701,0.9994775,0.9942134644773688,0.999842680413552,0.997019748325428,0.0006657092106681,2026-06-29 03:36:11
Random Forest,"{'class_weight': None, 'max_depth': 10, 'min_samples_leaf': 5, 'n_estimators': 100, 'n_jobs': -1, 'random_state': 4267}",132031,0.99955875,0.9950763997400814,0.9998998876288668,0.9974820801272488,0.0005271029959608,2026-06-29 03:38:09
Random Forest,"{'class_weight': None, 'max_depth': 10, 'min_samples_leaf': 5, 'n_estimators': 200, 'n_jobs': -1, 'random_state': 4267}",0,0.99998,1.0,0.9997711711387404,0.9998855676688722,7.75305921285794e-05,2026-06-29 03:40:18
Random Forest,"{'class_weight': None, 'max_depth': 10, 'min_samples_leaf': 5, 'n_estimators': 200, 'n_jobs': -1, 'random_state': 4267}",660156,0.99406125,0.936489061114242,0.9998855855693703,0.9671444523718264,0.0025331400296725,2026-06-29 03:46:18
Random Forest,"{'class_weight': None, 'max_depth': 10, 'min_samples_leaf': 5, 'n_estimators': 200, 'n_jobs': -1, 'random_state': 4267}",440104,0.99685375,0.96537695509041,0.9998712835098736,0.9823194038127074,0.0015982225693355,2026-06-29 03:51:21
Random Forest,"{'class_weight': None, 'max_depth': 10, 'min_samples_leaf': 5, 'n_estimators': 200, 'n_jobs': -1, 'random_state': 4267}",330078,0.99788,0.9764137757912948,0.9998998876288668,0.9880168099592752,0.000765412146168,2026-06-29 03:55:51
Random Forest,"{'class_weight': None, 'max_depth': 10, 'min_samples_leaf': 5, 'n_estimators': 200, 'n_jobs': -1, 'random_state': 4267}",264062,0.998505,0.9832802471061248,0.9998998876288668,0.9915198521128314,0.000830224492913,2026-06-29 04:00:09
Random Forest,"{'class_weight': None, 'max_depth': 10, 'min_samples_leaf': 5, 'n_estimators': 200, 'n_jobs': -1, 'random_state': 4267}",220052,0.99888125,0.987473334094037,0.9998855855693703,0.9936403345093444,0.0006501979092919,2026-06-29 04:04:16
Random Forest,"{'class_weight': None, 'max_depth': 10, 'min_samples_leaf': 5, 'n_estimators': 200, 'n_jobs': -1, 'random_state': 4267}",188616,0.9991800000000002,0.990817476325164,0.9998855855693703,0.9953306443625326,0.0005242945429382,2026-06-29 04:08:16
Random Forest,"{'class_weight': None, 'max_depth': 10, 'min_samples_leaf': 5, 'n_estimators': 200, 'n_jobs': -1, 'random_state': 4267}",165039,0.99936875,0.992928958098641,0.9998998876288668,0.9964018358820836,0.0006682680303444,2026-06-29 04:12:10
Random Forest,"{'class_weight': None, 'max_depth': 10, 'min_samples_leaf': 5, 'n_estimators': 200, 'n_jobs': -1, 'random_state': 4267}",146701,0.99951375,0.9945674083676778,0.9998998876288668,0.9972261328111568,0.0006719608273888,2026-06-29 04:16:02
Random Forest,"{'class_weight': None, 'max_depth': 10, 'min_samples_leaf': 5, 'n_estimators': 200, 'n_jobs': -1, 'random_state': 4267}",132031,0.9995787499999998,0.9953029392426328,0.9998998876288668,0.9975959133809708,0.0004944124353093,2026-06-29 04:19:50
Random Forest,"{'class_weight': None, 'max_depth': 14, 'min_samples_leaf': 1, 'n_estimators': 100, 'n_jobs': -1, 'random_state': 4267}",0,0.9999850000000002,1.0,0.9998283793767268,0.9999141799717236,5.423000467349033e-05,2026-06-29 04:21:00
Random Forest,"{'class_weight': None, 'max_depth': 14, 'min_samples_leaf': 1, 'n_estimators': 100, 'n_jobs': -1, 'random_state': 4267}",660156,0.99466875,0.9425976606264715,0.9998998876288668,0.9704025694003507,0.0011605914349348,2026-06-29 04:24:50
Random Forest,"{'class_weight': None, 'max_depth': 14, 'min_samples_leaf': 1, 'n_estimators': 100, 'n_jobs': -1, 'random_state': 4267}",440104,0.99651,0.9616987433217948,0.9998998876288668,0.9804255902218324,0.0014925521841679,2026-06-29 04:28:10
Random Forest,"{'class_weight': None, 'max_depth': 14, 'min_samples_leaf': 1, 'n_estimators': 100, 'n_jobs': -1, 'random_state': 4267}",330078,0.99748625,0.9721516439080018,0.9998855855693703,0.9858227822532952,0.0010129033720389,2026-06-29 04:31:10
Random Forest,"{'class_weight': None, 'max_depth': 14, 'min_samples_leaf': 1, 'n_estimators': 100, 'n_jobs': -1, 'random_state': 4267}",264062,0.99806125,0.9784082273731268,0.9998855855693703,0.9890299058067974,0.0007142491861884,2026-06-29 04:34:03
Random Forest,"{'class_weight': None, 'max_depth': 14, 'min_samples_leaf': 1, 'n_estimators': 100, 'n_jobs': -1, 'random_state': 4267}",220052,0.99846375,0.9828366829731692,0.9998855855693703,0.9912875165271002,0.0006097972747687,2026-06-29 04:36:51
Random Forest,"{'class_weight': None, 'max_depth': 14, 'min_samples_leaf': 1, 'n_estimators': 100, 'n_jobs': -1, 'random_state': 4267}",188616,0.99871875,0.9856493638423712,0.9998998876288668,0.992723245255798,0.0005489806328908,2026-06-29 04:39:35
Random Forest,"{'class_weight': None, 'max_depth': 14, 'min_samples_leaf': 1, 'n_estimators': 100, 'n_jobs': -1, 'random_state': 4267}",165039,0.9989225,0.987933138453166,0.9998855855693703,0.99387323853887,0.0004912867028553,2026-06-29 04:42:14
Random Forest,"{'class_weight': None, 'max_depth': 14, 'min_samples_leaf': 1, 'n_estimators': 100, 'n_jobs': -1, 'random_state': 4267}",146701,0.9991575,0.9905646461508796,0.9998855855693703,0.9952031019501962,0.0005026001413086,2026-06-29 04:44:52
Random Forest,"{'class_weight': None, 'max_depth': 14, 'min_samples_leaf': 1, 'n_estimators': 100, 'n_jobs': -1, 'random_state': 4267}",132031,0.99926,0.9917168287487148,0.9998855855693703,0.9957842612926268,0.0005021857510195,2026-06-29 04:47:30
Random Forest,"{'class_weight': None, 'max_depth': 14, 'min_samples_leaf': 1, 'n_estimators': 200, 'n_jobs': -1, 'random_state': 4267}",0,0.9999850000000002,1.0,0.9998283793767268,0.9999141799717236,5.423000467349033e-05,2026-06-29 04:49:42
Random Forest,"{'class_weight': None, 'max_depth': 14, 'min_samples_leaf': 1, 'n_estimators': 200, 'n_jobs': -1, 'random_state': 4267}",660156,0.9947075,0.9429908450032376,0.9998998876288668,0.970611126585211,0.0010162744804644,2026-06-29 04:57:02
Random Forest,"{'class_weight': None, 'max_depth': 14, 'min_samples_leaf': 1, 'n_estimators': 200, 'n_jobs': -1, 'random_state': 4267}",440104,0.99655125,0.962133985630948,0.9998998876288668,0.9806520997077882,0.0013162947540044,2026-06-29 05:03:21
Random Forest,"{'class_weight': None, 'max_depth': 14, 'min_samples_leaf': 1, 'n_estimators': 200, 'n_jobs': -1, 'random_state': 4267}",330078,0.9974975,0.9722743024845008,0.9998855855693703,0.9858855974584826,0.0011575292319317,2026-06-29 05:09:07
Random Forest,"{'class_weight': None, 'max_depth': 14, 'min_samples_leaf': 1, 'n_estimators': 200, 'n_jobs': -1, 'random_state': 4267}",264062,0.99808875,0.9786964217370822,0.9998998876288668,0.9891840489179736,0.0007494595063698,2026-06-29 05:14:36
Random Forest,"{'class_weight': None, 'max_depth': 14, 'min_samples_leaf': 1, 'n_estimators': 200, 'n_jobs': -1, 'random_state': 4267}",220052,0.99847125,0.9829195019991076,0.9998855855693703,0.9913296593594156,0.0005830877920674,2026-06-29 05:19:56
Random Forest,"{'class_weight': None, 'max_depth': 14, 'min_samples_leaf': 1, 'n_estimators': 200, 'n_jobs': -1, 'random_state': 4267}",188616,0.9987275,0.9857604644558874,0.9998855855693703,0.9927725146702449,0.0005956651726275,2026-06-29 05:25:08
Random Forest,"{'class_weight': None, 'max_depth': 14, 'min_samples_leaf': 1, 'n_estimators': 200, 'n_jobs': -1, 'random_state': 4267}",165039,0.9989175,0.9878776337976588,0.9998855855693703,0.993845067447011,0.0005983441533984,2026-06-29 05:30:12
Random Forest,"{'class_weight': None, 'max_depth': 14, 'min_samples_leaf': 1, 'n_estimators': 200, 'n_jobs': -1, 'random_state': 4267}",146701,0.99915875,0.9905786383427484,0.9998855855693703,0.9952101726044738,0.0004869134345731,2026-06-29 05:35:15
Random Forest,"{'class_weight': None, 'max_depth': 14, 'min_samples_leaf': 1, 'n_estimators': 200, 'n_jobs': -1, 'random_state': 4267}",132031,0.9992862500000002,0.9920123248838522,0.9998855855693703,0.9959332017672514,0.0004927210024598,2026-06-29 05:40:11
Random Forest,"{'class_weight': None, 'max_depth': 14, 'min_samples_leaf': 5, 'n_estimators': 100, 'n_jobs': -1, 'random_state': 4267}",0,0.99998125,1.0,0.999785473198237,0.9998927199772248,7.996695542886597e-05,2026-06-29 05:41:23
Random Forest,"{'class_weight': None, 'max_depth': 14, 'min_samples_leaf': 5, 'n_estimators': 100, 'n_jobs': -1, 'random_state': 4267}",660156,0.99462125,0.942112603867006,0.9998998876288668,0.9701460649044508,0.0007045007558698,2026-06-29 05:45:08
Random Forest,"{'class_weight': None, 'max_depth': 14, 'min_samples_leaf': 5, 'n_estimators': 100, 'n_jobs': -1, 'random_state': 4267}",440104,0.99651625,0.9617747028668948,0.99988558556937,0.9804589291244816,0.0011370028130488,2026-06-29 05:48:21
Random Forest,"{'class_weight': None, 'max_depth': 14, 'min_samples_leaf': 5, 'n_estimators': 100, 'n_jobs': -1, 'random_state': 4267}",330078,0.99742875,0.9715167224347389,0.9998998876288668,0.9855032665832651,0.0009252220731748,2026-06-29 05:51:19
Random Forest,"{'class_weight': None, 'max_depth': 14, 'min_samples_leaf': 5, 'n_estimators': 100, 'n_jobs': -1, 'random_state': 4267}",264062,0.99807875,0.9785871402816412,0.9998998876288668,0.9891281501827388,0.0008431381941298,2026-06-29 05:54:08
Random Forest,"{'class_weight': None, 'max_depth': 14, 'min_samples_leaf': 5, 'n_estimators': 100, 'n_jobs': -1, 'random_state': 4267}",220052,0.99848125,0.98301628383945,0.9998998876288668,0.9913859630692312,0.0005345988845331,2026-06-29 05:56:53
Random Forest,"{'class_weight': None, 'max_depth': 14, 'min_samples_leaf': 5, 'n_estimators': 100, 'n_jobs': -1, 'random_state': 4267}",188616,0.9987224999999998,0.9856914405832548,0.9998998876288668,0.9927444821474756,0.000635398227892,2026-06-29 05:59:33
Random Forest,"{'class_weight': None, 'max_depth': 14, 'min_samples_leaf': 5, 'n_estimators': 100, 'n_jobs': -1, 'random_state': 4267}",165039,0.99892125,0.9879051621071304,0.9998998876288668,0.993866203589254,0.0004223470445276,2026-06-29 06:02:09
Random Forest,"{'class_weight': None, 'max_depth': 14, 'min_samples_leaf': 5, 'n_estimators': 100, 'n_jobs': -1, 'random_state': 4267}",146701,0.9991275,0.990269535356776,0.9998426793908806,0.9950329085579522,0.0005140812298789,2026-06-29 06:04:43
Random Forest,"{'class_weight': None, 'max_depth': 14, 'min_samples_leaf': 5, 'n_estimators': 100, 'n_jobs': -1, 'random_state': 4267}",132031,0.99924125,0.991492233659626,0.9998998876288668,0.9956780396382452,0.0005836066757455,2026-06-29 06:07:15
Random Forest,"{'class_weight': None, 'max_depth': 14, 'min_samples_leaf': 5, 'n_estimators': 200, 'n_jobs': -1, 'random_state': 4267}",0,0.99998125,1.0,0.999785473198237,0.9998927199772248,7.996695542886597e-05,2026-06-29 06:09:25
Random Forest,"{'class_weight': None, 'max_depth': 14, 'min_samples_leaf': 5, 'n_estimators': 200, 'n_jobs': -1, 'random_state': 4267}",660156,0.99465125,0.9424178748783828,0.9998998876288668,0.97030776887972,0.0008266779573253,2026-06-29 06:16:37
Random Forest,"{'class_weight': None, 'max_depth': 14, 'min_samples_leaf': 5, 'n_estimators': 200, 'n_jobs': -1, 'random_state': 4267}",440104,0.99652,0.9618002151028628,0.9998998876288668,0.9804794347426398,0.0009057906229233,2026-06-29 06:22:52
Random Forest,"{'class_weight': None, 'max_depth': 14, 'min_samples_leaf': 5, 'n_estimators': 200, 'n_jobs': -1, 'random_state': 4267}",330078,0.997485,0.9721244867307308,0.9998998876288668,0.9858158939173144,0.0009074126186833,2026-06-29 06:28:35
Random Forest,"{'class_weight': None, 'max_depth': 14, 'min_samples_leaf': 5, 'n_estimators': 200, 'n_jobs': -1, 'random_state': 4267}",264062,0.99809125,0.978723230216443,0.9998998876288668,0.9891978916193318,0.0006326221497472,2026-06-29 06:34:00
Random Forest,"{'class_weight': None, 'max_depth': 14, 'min_samples_leaf': 5, 'n_estimators': 200, 'n_jobs': -1, 'random_state': 4267}",220052,0.99849125,0.983127056365974,0.9998998876288668,0.9914422474804072,0.0006062172963276,2026-06-29 06:39:16
Random Forest,"{'class_weight': None, 'max_depth': 14, 'min_samples_leaf': 5, 'n_estimators': 200, 'n_jobs': -1, 'random_state': 4267}",188616,0.99871625,0.9856215164332668,0.9998998876288668,0.9927091325120404,0.0005189731176375,2026-06-29 06:44:23
Random Forest,"{'class_weight': None, 'max_depth': 14, 'min_samples_leaf': 5, 'n_estimators': 200, 'n_jobs': -1, 'random_state': 4267}",165039,0.9989225000000002,0.9879191176186104,0.9998998876288668,0.9938732656791748,0.0004125464895925,2026-06-29 06:49:24
Random Forest,"{'class_weight': None, 'max_depth': 14, 'min_samples_leaf': 5, 'n_estimators': 200, 'n_jobs': -1, 'random_state': 4267}",146701,0.9991575,0.9905506812144584,0.9998998876288668,0.9952031511692538,0.0004683151034188,2026-06-29 06:54:37
Random Forest,"{'class_weight': None, 'max_depth': 14, 'min_samples_leaf': 5, 'n_estimators': 200, 'n_jobs': -1, 'random_state': 4267}",132031,0.99926625,0.9917734119241745,0.9998998876288668,0.9958198272343916,0.0005539594373266,2026-06-29 06:59:40
Random Forest,"{'class_weight': 'balanced', 'max_depth': 8, 'min_samples_leaf': 1, 'n_estimators': 100, 'n_jobs': -1, 'random_state': 4267}",0,0.9999875,1.0,0.99985698349572,0.9999284845884288,5.056903248133393e-05,2026-06-29 07:00:45
Random Forest,"{'class_weight': 'balanced', 'max_depth': 8, 'min_samples_leaf': 1, 'n_estimators': 100, 'n_jobs': -1, 'random_state': 4267}",660156,0.99456375,0.9448509075280664,0.995952621474954,0.9697240318049778,0.0018853759980257,2026-06-29 07:03:29
Random Forest,"{'class_weight': 'balanced', 'max_depth': 8, 'min_samples_leaf': 1, 'n_estimators': 100, 'n_jobs': -1, 'random_state': 4267}",440104,0.99469125,0.9448814335271328,0.9974829080929306,0.9704610431980848,0.0028301557429055,2026-06-29 07:05:46
Random Forest,"{'class_weight': 'balanced', 'max_depth': 8, 'min_samples_leaf': 1, 'n_estimators': 100, 'n_jobs': -1, 'random_state': 4267}",330078,0.994665,0.9439390514721632,0.998283820356724,0.9703426864282282,0.003064443828735,2026-06-29 07:07:47
Random Forest,"{'class_weight': 'balanced', 'max_depth': 8, 'min_samples_leaf': 1, 'n_estimators': 100, 'n_jobs': -1, 'random_state': 4267}",264062,0.9939275,0.9358947837636142,0.999099021385286,0.9664315631913268,0.0063425553767236,2026-06-29 07:09:41
Random Forest,"{'class_weight': 'balanced', 'max_depth': 8, 'min_samples_leaf': 1, 'n_estimators': 100, 'n_jobs': -1, 'random_state': 4267}",220052,0.99443125,0.9404195733270356,0.9998569804277058,0.9691766898047212,0.0081526464229894,2026-06-29 07:11:30
Random Forest,"{'class_weight': 'balanced', 'max_depth': 8, 'min_samples_leaf': 1, 'n_estimators': 100, 'n_jobs': -1, 'random_state': 4267}",188616,0.9949275,0.9454354834677936,0.9998426793908806,0.9718382073360772,0.0071578810166466,2026-06-29 07:13:16
Random Forest,"{'class_weight': 'balanced', 'max_depth': 8, 'min_samples_leaf': 1, 'n_estimators': 100, 'n_jobs': -1, 'random_state': 4267}",165039,0.99440125,0.9399971018124248,0.9998998876288668,0.9689940608915864,0.0062256909661723,2026-06-29 07:15:00
Random Forest,"{'class_weight': 'balanced', 'max_depth': 8, 'min_samples_leaf': 1, 'n_estimators': 100, 'n_jobs': -1, 'random_state': 4267}",146701,0.9943775,0.9397513805334335,0.9998855855693703,0.968861124918307,0.0057200795824009,2026-06-29 07:16:42
Random Forest,"{'class_weight': 'balanced', 'max_depth': 8, 'min_samples_leaf': 1, 'n_estimators': 100, 'n_jobs': -1, 'random_state': 4267}",132031,0.99399875,0.9361067279513448,0.9998712835098738,0.9668743137196169,0.0092070127906325,2026-06-29 07:18:22
Random Forest,"{'class_weight': 'balanced', 'max_depth': 8, 'min_samples_leaf': 1, 'n_estimators': 200, 'n_jobs': -1, 'random_state': 4267}",0,0.9999875,1.0,0.99985698349572,0.9999284845884288,5.056903248133393e-05,2026-06-29 07:20:26
Random Forest,"{'class_weight': 'balanced', 'max_depth': 8, 'min_samples_leaf': 1, 'n_estimators': 200, 'n_jobs': -1, 'random_state': 4267}",660156,0.99507125,0.9497811965743708,0.996310180121068,0.97248373835657,0.0023231607236176,2026-06-29 07:25:40
Random Forest,"{'class_weight': 'balanced', 'max_depth': 8, 'min_samples_leaf': 1, 'n_estimators': 200, 'n_jobs': -1, 'random_state': 4267}",440104,0.994765,0.9447212122307024,0.9985555144896174,0.9708865396253892,0.0018713159330171,2026-06-29 07:30:01
Random Forest,"{'class_weight': 'balanced', 'max_depth': 8, 'min_samples_leaf': 1, 'n_estimators': 200, 'n_jobs': -1, 'random_state': 4267}",330078,0.995135,0.9476477418227685,0.9995995464247818,0.9729212349606614,0.0032282555881684,2026-06-29 07:33:53
Random Forest,"{'class_weight': 'balanced', 'max_depth': 8, 'min_samples_leaf': 1, 'n_estimators': 200, 'n_jobs': -1, 'random_state': 4267}",264062,0.99484125,0.9450433254813706,0.9991419285864472,0.9713264968744376,0.0048470099855994,2026-06-29 07:37:32
Random Forest,"{'class_weight': 'balanced', 'max_depth': 8, 'min_samples_leaf': 1, 'n_estimators': 200, 'n_jobs': -1, 'random_state': 4267}",220052,0.99469625,0.9433863104158584,0.9994279513682932,0.9705665807629515,0.0057870347552761,2026-06-29 07:41:00
Random Forest,"{'class_weight': 'balanced', 'max_depth': 8, 'min_samples_leaf': 1, 'n_estimators': 200, 'n_jobs': -1, 'random_state': 4267}",188616,0.9943275,0.9393732959389782,0.999856981450377,0.9686199933006016,0.0081426440057309,2026-06-29 07:44:23
Random Forest,"{'class_weight': 'balanced', 'max_depth': 8, 'min_samples_leaf': 1, 'n_estimators': 200, 'n_jobs': -1, 'random_state': 4267}",165039,0.9942625000000002,0.9386004375723797,0.9998998876288668,0.9682503576380274,0.0063201692756134,2026-06-29 07:47:40
Random Forest,"{'class_weight': 'balanced', 'max_depth': 8, 'min_samples_leaf': 1, 'n_estimators': 200, 'n_jobs': -1, 'random_state': 4267}",146701,0.9941012500000002,0.936958228157924,0.9998855855693703,0.9673771737167016,0.0054081976624624,2026-06-29 07:50:55
Random Forest,"{'class_weight': 'balanced', 'max_depth': 8, 'min_samples_leaf': 1, 'n_estimators': 200, 'n_jobs': -1, 'random_state': 4267}",132031,0.99453625,0.9412879769970586,0.9998855855693703,0.9696952261851236,0.0030289924246201,2026-06-29 07:54:06
Random Forest,"{'class_weight': 'balanced', 'max_depth': 8, 'min_samples_leaf': 5, 'n_estimators': 100, 'n_jobs': -1, 'random_state': 4267}",0,0.99998125,0.9998856141927656,0.9998998896742096,0.9998927424777152,7.150007519233833e-05,2026-06-29 07:55:11
Random Forest,"{'class_weight': 'balanced', 'max_depth': 8, 'min_samples_leaf': 5, 'n_estimators': 100, 'n_jobs': -1, 'random_state': 4267}",660156,0.9944225,0.9435556707103032,0.9958096029253312,0.9689651139408124,0.0033717838731066,2026-06-29 07:57:55
Random Forest,"{'class_weight': 'balanced', 'max_depth': 8, 'min_samples_leaf': 5, 'n_estimators': 100, 'n_jobs': -1, 'random_state': 4267}",440104,0.9940624999999998,0.9383669339174489,0.9976973888744805,0.9670979221876724,0.004718325736023,2026-06-29 08:00:10
Random Forest,"{'class_weight': 'balanced', 'max_depth': 8, 'min_samples_leaf': 5, 'n_estimators': 100, 'n_jobs': -1, 'random_state': 4267}",330078,0.99369375,0.9336359745830975,0.9990989733197304,0.9652027170509072,0.0075722584527235,2026-06-29 08:02:13
Random Forest,"{'class_weight': 'balanced', 'max_depth': 8, 'min_samples_leaf': 5, 'n_estimators': 100, 'n_jobs': -1, 'random_state': 4267}",264062,0.99437625,0.9409701895981698,0.9986699524416892,0.9688772913560818,0.0099790509541096,2026-06-29 08:04:08
Random Forest,"{'class_weight': 'balanced', 'max_depth': 8, 'min_samples_leaf': 5, 'n_estimators': 100, 'n_jobs': -1, 'random_state': 4267}",220052,0.99303375,0.9265687862492538,0.9998283752860412,0.9617390708139928,0.0091703293353406,2026-06-29 08:05:58
Random Forest,"{'class_weight': 'balanced', 'max_depth': 8, 'min_samples_leaf': 5, 'n_estimators': 100, 'n_jobs': -1, 'random_state': 4267}",188616,0.99377875,0.9337794847010832,0.9998998866061954,0.9656711357412724,0.0070694401513305,2026-06-29 08:07:44
Random Forest,"{'class_weight': 'balanced', 'max_depth': 8, 'min_samples_leaf': 5, 'n_estimators': 100, 'n_jobs': -1, 'random_state': 4267}",165039,0.994195,0.9380263697947054,0.9998855855693703,0.967913928283204,0.0084401090176336,2026-06-29 08:09:28
Random Forest,"{'class_weight': 'balanced', 'max_depth': 8, 'min_samples_leaf': 5, 'n_estimators': 100, 'n_jobs': -1, 'random_state': 4267}",146701,0.994275,0.9388227894907524,0.9998998876288668,0.9683441071450628,0.0084878628211481,2026-06-29 08:11:10
Random Forest,"{'class_weight': 'balanced', 'max_depth': 8, 'min_samples_leaf': 5, 'n_estimators': 100, 'n_jobs': -1, 'random_state': 4267}",132031,0.99373,0.9332412748179386,0.9998998876288668,0.9653964458540224,0.0056581501126088,2026-06-29 08:12:50
Random Forest,"{'class_weight': 'balanced', 'max_depth': 8, 'min_samples_leaf': 5, 'n_estimators': 200, 'n_jobs': -1, 'random_state': 4267}",0,0.9999875,0.9999570979108796,0.9998998896742096,0.9999284897021514,6.193194890223706e-05,2026-06-29 08:14:53
Random Forest,"{'class_weight': 'balanced', 'max_depth': 8, 'min_samples_leaf': 5, 'n_estimators': 200, 'n_jobs': -1, 'random_state': 4267}",660156,0.995025,0.9493201388506162,0.9962672821239492,0.9722269302046946,0.0009274586674254,2026-06-29 08:20:07
Random Forest,"{'class_weight': 'balanced', 'max_depth': 8, 'min_samples_leaf': 5, 'n_estimators': 200, 'n_jobs': -1, 'random_state': 4267}",440104,0.99442,0.941187141364922,0.9986413237785824,0.9690436962159652,0.0044370563456656,2026-06-29 08:24:45
Random Forest,"{'class_weight': 'balanced', 'max_depth': 8, 'min_samples_leaf': 5, 'n_estimators': 200, 'n_jobs': -1, 'random_state': 4267}",330078,0.9942675,0.9387457136459296,0.9997425700877616,0.9682627605450904,0.0052781652337877,2026-06-29 08:28:48
Random Forest,"{'class_weight': 'balanced', 'max_depth': 8, 'min_samples_leaf': 5, 'n_estimators': 200, 'n_jobs': -1, 'random_state': 4267}",264062,0.994595,0.9420157561916058,0.9998426793908806,0.9700367390901712,0.0064669114297747,2026-06-29 08:32:56
Random Forest,"{'class_weight': 'balanced', 'max_depth': 8, 'min_samples_leaf': 5, 'n_estimators': 200, 'n_jobs': -1, 'random_state': 4267}",220052,0.994295,0.9389786940389694,0.999856981450377,0.9684274893025338,0.0066634547263294,2026-06-29 08:36:51
Random Forest,"{'class_weight': 'balanced', 'max_depth': 8, 'min_samples_leaf': 5, 'n_estimators': 200, 'n_jobs': -1, 'random_state': 4267}",188616,0.9938025,0.9341083042691796,0.999856981450377,0.9658122921766944,0.0083289700250045,2026-06-29 08:40:29
Random Forest,"{'class_weight': 'balanced', 'max_depth': 8, 'min_samples_leaf': 5, 'n_estimators': 200, 'n_jobs': -1, 'random_state': 4267}",165039,0.99440875,0.940160608741972,0.9998998876288668,0.9690584072286064,0.0082178563182443,2026-06-29 08:44:00
Random Forest,"{'class_weight': 'balanced', 'max_depth': 8, 'min_samples_leaf': 5, 'n_estimators': 200, 'n_jobs': -1, 'random_state': 4267}",146701,0.9940012500000002,0.935935841555572,0.9998855855693703,0.9668367920891674,0.0047421447693833,2026-06-29 08:47:46
Random Forest,"{'class_weight': 'balanced', 'max_depth': 8, 'min_samples_leaf': 5, 'n_estimators': 200, 'n_jobs': -1, 'random_state': 4267}",132031,0.9938925,0.9348179263086516,0.9998998876288668,0.9662511447436444,0.0040804179033294,2026-06-29 08:51:24
Random Forest,"{'class_weight': 'balanced', 'max_depth': 10, 'min_samples_leaf': 1, 'n_estimators': 100, 'n_jobs': -1, 'random_state': 4267}",0,0.99998625,1.0,0.9998426824588948,0.9999213312571305,6.878424526391039e-05,2026-06-29 08:52:43
Random Forest,"{'class_weight': 'balanced', 'max_depth': 10, 'min_samples_leaf': 1, 'n_estimators': 100, 'n_jobs': -1, 'random_state': 4267}",660156,0.9956375,0.9526899270588928,0.9997425649744048,0.9756471739615976,0.0015264583194687,2026-06-29 08:56:24
Random Forest,"{'class_weight': 'balanced', 'max_depth': 10, 'min_samples_leaf': 1, 'n_estimators': 100, 'n_jobs': -1, 'random_state': 4267}",440104,0.9956975,0.9534457983340374,0.9995852648187132,0.9759693708915386,0.0011710441943645,2026-06-29 08:59:35
Random Forest,"{'class_weight': 'balanced', 'max_depth': 10, 'min_samples_leaf': 1, 'n_estimators': 100, 'n_jobs': -1, 'random_state': 4267}",330078,0.996235,0.9587966530856846,0.9998998876288668,0.9789154113688442,0.001415423218146,2026-06-29 09:02:27
Random Forest,"{'class_weight': 'balanced', 'max_depth': 10, 'min_samples_leaf': 1, 'n_estimators': 100, 'n_jobs': -1, 'random_state': 4267}",264062,0.996375,0.9602738135725988,0.9998998876288668,0.9796841760587728,0.001680382136126,2026-06-29 09:05:07
Random Forest,"{'class_weight': 'balanced', 'max_depth': 10, 'min_samples_leaf': 1, 'n_estimators': 100, 'n_jobs': -1, 'random_state': 4267}",220052,0.9965575,0.962218457537902,0.9998855855693703,0.9806876725484396,0.0018319073117449,2026-06-29 09:07:30
Random Forest,"{'class_weight': 'balanced', 'max_depth': 10, 'min_samples_leaf': 1, 'n_estimators': 100, 'n_jobs': -1, 'random_state': 4267}",188616,0.99665125,0.9632153727007292,0.9998855855693703,0.9812045248170068,0.0021217640886784,2026-06-29 09:09:43
Random Forest,"{'class_weight': 'balanced', 'max_depth': 10, 'min_samples_leaf': 1, 'n_estimators': 100, 'n_jobs': -1, 'random_state': 4267}",165039,0.9968525,0.9653505426892092,0.9998855855693703,0.9823126783815364,0.0015433057666644,2026-06-29 09:11:53
Random Forest,"{'class_weight': 'balanced', 'max_depth': 10, 'min_samples_leaf': 1, 'n_estimators': 100, 'n_jobs': -1, 'random_state': 4267}",146701,0.9969875,0.966777784703919,0.9998998876288668,0.9830583738684991,0.001354365086988,2026-06-29 09:13:59
Random Forest,"{'class_weight': 'balanced', 'max_depth': 10, 'min_samples_leaf': 1, 'n_estimators': 100, 'n_jobs': -1, 'random_state': 4267}",132031,0.99703625,0.9673092889893462,0.9998855855693703,0.9833269401637832,0.0009540867250718,2026-06-29 09:16:02
Random Forest,"{'class_weight': 'balanced', 'max_depth': 10, 'min_samples_leaf': 1, 'n_estimators': 200, 'n_jobs': -1, 'random_state': 4267}",0,0.99998625,1.0,0.9998426814362232,0.9999213322800762,5.303776597819133e-05,2026-06-29 09:18:14
Random Forest,"{'class_weight': 'balanced', 'max_depth': 10, 'min_samples_leaf': 1, 'n_estimators': 200, 'n_jobs': -1, 'random_state': 4267}",660156,0.99579,0.9541484631894898,0.99988558556937,0.9764807965320766,0.0010912589198071,2026-06-29 09:24:37
Random Forest,"{'class_weight': 'balanced', 'max_depth': 10, 'min_samples_leaf': 1, 'n_estimators': 200, 'n_jobs': -1, 'random_state': 4267}",440104,0.99587375,0.9550204513057076,0.9998855865920416,0.9769375550385268,0.0009193169513147,2026-06-29 09:29:59
Random Forest,"{'class_weight': 'balanced', 'max_depth': 10, 'min_samples_leaf': 1, 'n_estimators': 200, 'n_jobs': -1, 'random_state': 4267}",330078,0.99601375,0.9564793031334532,0.9998998876288668,0.97770506727367,0.0018488166768126,2026-06-29 09:34:44
Random Forest,"{'class_weight': 'balanced', 'max_depth': 10, 'min_samples_leaf': 1, 'n_estimators': 200, 'n_jobs': -1, 'random_state': 4267}",264062,0.99617625,0.9581845257684468,0.9998998876288668,0.9785948788305054,0.0019597067589853,2026-06-29 09:39:11
Random Forest,"{'class_weight': 'balanced', 'max_depth': 10, 'min_samples_leaf': 1, 'n_estimators': 200, 'n_jobs': -1, 'random_state': 4267}",220052,0.99642375,0.9607956077757204,0.9998855855693703,0.9799501740655202,0.0009434407785598,2026-06-29 09:43:26
Random Forest,"{'class_weight': 'balanced', 'max_depth': 10, 'min_samples_leaf': 1, 'n_estimators': 200, 'n_jobs': -1, 'random_state': 4267}",188616,0.99655,0.9621415302963424,0.9998855855693703,0.980647087354536,0.0020948569811112,2026-06-29 09:47:34
Random Forest,"{'class_weight': 'balanced', 'max_depth': 10, 'min_samples_leaf': 1, 'n_estimators': 200, 'n_jobs': -1, 'random_state': 4267}",165039,0.99670875,0.963820983144516,0.9998855855693703,0.9815199615184352,0.0016495925056212,2026-06-29 09:51:47
Random Forest,"{'class_weight': 'balanced', 'max_depth': 10, 'min_samples_leaf': 1, 'n_estimators': 200, 'n_jobs': -1, 'random_state': 4267}",146701,0.99683875,0.9652016459173672,0.9998855855693703,0.98223620874738,0.0013274270953712,2026-06-29 09:55:52
Random Forest,"{'class_weight': 'balanced', 'max_depth': 10, 'min_samples_leaf': 1, 'n_estimators': 200, 'n_jobs': -1, 'random_state': 4267}",132031,0.99691,0.9659587370440146,0.9998855855693703,0.982628832984504,0.0008635760324933,2026-06-29 09:59:48
Random Forest,"{'class_weight': 'balanced', 'max_depth': 10, 'min_samples_leaf': 5, 'n_estimators': 100, 'n_jobs': -1, 'random_state': 4267}",0,0.9999825,0.9999284968604858,0.9998712855552164,0.999899884560304,4.661969752736682e-05,2026-06-29 10:01:01
Random Forest,"{'class_weight': 'balanced', 'max_depth': 10, 'min_samples_leaf': 5, 'n_estimators': 100, 'n_jobs': -1, 'random_state': 4267}",660156,0.99543125,0.9504497745769492,0.999856981450377,0.97452674063131,0.0010345017396331,2026-06-29 10:04:16
Random Forest,"{'class_weight': 'balanced', 'max_depth': 10, 'min_samples_leaf': 5, 'n_estimators': 100, 'n_jobs': -1, 'random_state': 4267}",440104,0.99586,0.9548912680537484,0.9998712835098736,0.9768626568832894,0.0011973850511592,2026-06-29 10:07:04
Random Forest,"{'class_weight': 'balanced', 'max_depth': 10, 'min_samples_leaf': 5, 'n_estimators': 100, 'n_jobs': -1, 'random_state': 4267}",330078,0.9960375,0.957080097978388,0.9995137320224596,0.977830136474455,0.002791355539878,2026-06-29 10:09:33
Random Forest,"{'class_weight': 'balanced', 'max_depth': 10, 'min_samples_leaf': 5, 'n_estimators': 100, 'n_jobs': -1, 'random_state': 4267}",264062,0.9962325000000002,0.9587764914486678,0.9998998876288668,0.9789033433267788,0.0020061459597584,2026-06-29 10:11:52
Random Forest,"{'class_weight': 'balanced', 'max_depth': 10, 'min_samples_leaf': 5, 'n_estimators': 100, 'n_jobs': -1, 'random_state': 4267}",220052,0.99656875,0.9623157743351072,0.9998998876288668,0.9807474298821636,0.000723133813374,2026-06-29 10:14:08
Random Forest,"{'class_weight': 'balanced', 'max_depth': 10, 'min_samples_leaf': 5, 'n_estimators': 100, 'n_jobs': -1, 'random_state': 4267}",188616,0.9965725,0.96235931451205,0.9998998876288668,0.9807690694744088,0.0013247438802659,2026-06-29 10:16:23
Random Forest,"{'class_weight': 'balanced', 'max_depth': 10, 'min_samples_leaf': 5, 'n_estimators': 100, 'n_jobs': -1, 'random_state': 4267}",165039,0.99650125,0.961610444600666,0.9998998876288668,0.98037859007809,0.0019166266118434,2026-06-29 10:18:32
Random Forest,"{'class_weight': 'balanced', 'max_depth': 10, 'min_samples_leaf': 5, 'n_estimators': 100, 'n_jobs': -1, 'random_state': 4267}",146701,0.996775,0.964509967929799,0.9998998876288668,0.9818847347834516,0.0012969848546264,2026-06-29 10:20:38
Random Forest,"{'class_weight': 'balanced', 'max_depth': 10, 'min_samples_leaf': 5, 'n_estimators': 100, 'n_jobs': -1, 'random_state': 4267}",132031,0.9969825,0.9667247068397028,0.9998998876288668,0.9830308461907624,0.0014181305366242,2026-06-29 10:22:39
Random Forest,"{'class_weight': 'balanced', 'max_depth': 10, 'min_samples_leaf': 5, 'n_estimators': 200, 'n_jobs': -1, 'random_state': 4267}",0,0.99998625,0.9999713948581892,0.9998712855552164,0.99992133483723,5.303690395700989e-05,2026-06-29 10:24:48
Random Forest,"{'class_weight': 'balanced', 'max_depth': 10, 'min_samples_leaf': 5, 'n_estimators': 200, 'n_jobs': -1, 'random_state': 4267}",660156,0.9956525,0.952721734474433,0.99988558556937,0.9757322077546744,0.0015529605564974,2026-06-29 10:30:55
Random Forest,"{'class_weight': 'balanced', 'max_depth': 10, 'min_samples_leaf': 5, 'n_estimators': 200, 'n_jobs': -1, 'random_state': 4267}",440104,0.995835,0.9546304982848012,0.9998712835098736,0.976726190717334,0.0012114177458392,2026-06-29 10:36:09
Random Forest,"{'class_weight': 'balanced', 'max_depth': 10, 'min_samples_leaf': 5, 'n_estimators': 200, 'n_jobs': -1, 'random_state': 4267}",330078,0.9960875,0.957257920716112,0.9998998876288668,0.9781101562606392,0.002309483488298,2026-06-29 10:40:51
Random Forest,"{'class_weight': 'balanced', 'max_depth': 10, 'min_samples_leaf': 5, 'n_estimators': 200, 'n_jobs': -1, 'random_state': 4267}",264062,0.9961799999999998,0.9582229864749372,0.9998998876288668,0.9786151651258376,0.001839529375997,2026-06-29 10:45:39
Random Forest,"{'class_weight': 'balanced', 'max_depth': 10, 'min_samples_leaf': 5, 'n_estimators': 200, 'n_jobs': -1, 'random_state': 4267}",220052,0.996435,0.9609041606785016,0.9998998876288668,0.9800129003784088,0.0013221724988475,2026-06-29 10:50:40
Random Forest,"{'class_weight': 'balanced', 'max_depth': 10, 'min_samples_leaf': 5, 'n_estimators': 200, 'n_jobs': -1, 'random_state': 4267}",188616,0.99654375,0.9620563282939362,0.9998998876288668,0.9806113010099936,0.0015147470974061,2026-06-29 10:55:11
Random Forest,"{'class_weight': 'balanced', 'max_depth': 10, 'min_samples_leaf': 5, 'n_estimators': 200, 'n_jobs': -1, 'random_state': 4267}",165039,0.9966325,0.9630027590858934,0.9998998876288668,0.9811012750287464,0.0020523278297948,2026-06-29 10:59:29
Random Forest,"{'class_weight': 'balanced', 'max_depth': 10, 'min_samples_leaf': 5, 'n_estimators': 200, 'n_jobs': -1, 'random_state': 4267}",146701,0.99676,0.9643457088624248,0.9998998876288668,0.9818007966713064,0.0005477344013813,2026-06-29 11:03:40
Random Forest,"{'class_weight': 'balanced', 'max_depth': 10, 'min_samples_leaf': 5, 'n_estimators': 200, 'n_jobs': -1, 'random_state': 4267}",132031,0.9969425,0.9662953433523304,0.9998998876288668,0.9828092677520092,0.0012132795356819,2026-06-29 11:08:15
Random Forest,"{'class_weight': 'balanced', 'max_depth': 14, 'min_samples_leaf': 1, 'n_estimators': 100, 'n_jobs': -1, 'random_state': 4267}",0,0.99998625,1.0,0.9998426824588948,0.9999213312571305,6.878424526391039e-05,2026-06-29 11:09:39
Random Forest,"{'class_weight': 'balanced', 'max_depth': 14, 'min_samples_leaf': 1, 'n_estimators': 100, 'n_jobs': -1, 'random_state': 4267}",660156,0.99558125,0.9519892663295596,0.9998712835098736,0.975342476834429,0.0007886927972544,2026-06-29 11:13:52
Random Forest,"{'class_weight': 'balanced', 'max_depth': 14, 'min_samples_leaf': 1, 'n_estimators': 100, 'n_jobs': -1, 'random_state': 4267}",440104,0.99587125,0.954982007758191,0.9998998876288668,0.9769242484446587,0.0009153529114115,2026-06-29 11:17:34
Random Forest,"{'class_weight': 'balanced', 'max_depth': 14, 'min_samples_leaf': 1, 'n_estimators': 100, 'n_jobs': -1, 'random_state': 4267}",330078,0.99617,0.9581225521395612,0.9998855855693703,0.9785579714777104,0.0009592333935925,2026-06-29 11:20:55
Random Forest,"{'class_weight': 'balanced', 'max_depth': 14, 'min_samples_leaf': 1, 'n_estimators': 100, 'n_jobs': -1, 'random_state': 4267}",264062,0.99648375,0.9614299214993732,0.9998855855693703,0.9802799746394087,0.0009923101663034,2026-06-29 11:24:14
Random Forest,"{'class_weight': 'balanced', 'max_depth': 14, 'min_samples_leaf': 1, 'n_estimators': 100, 'n_jobs': -1, 'random_state': 4267}",220052,0.99664375,0.963125091959032,0.9998855855693703,0.9811603969365448,0.0009875608138655,2026-06-29 11:27:08
Random Forest,"{'class_weight': 'balanced', 'max_depth': 14, 'min_samples_leaf': 1, 'n_estimators': 100, 'n_jobs': -1, 'random_state': 4267}",188616,0.99682,0.9650003292267032,0.9998855855693703,0.9821323142173628,0.0011091058715631,2026-06-29 11:29:59
Random Forest,"{'class_weight': 'balanced', 'max_depth': 14, 'min_samples_leaf': 1, 'n_estimators': 100, 'n_jobs': -1, 'random_state': 4267}",165039,0.99701,0.9670290612302542,0.9998855855693703,0.9831819594213872,0.0010863571990417,2026-06-29 11:32:51
Random Forest,"{'class_weight': 'balanced', 'max_depth': 14, 'min_samples_leaf': 1, 'n_estimators': 100, 'n_jobs': -1, 'random_state': 4267}",146701,0.997125,0.9682610870702894,0.9998855855693703,0.9838183559881198,0.0010990449627273,2026-06-29 11:35:35
Random Forest,"{'class_weight': 'balanced', 'max_depth': 14, 'min_samples_leaf': 1, 'n_estimators': 100, 'n_jobs': -1, 'random_state': 4267}",132031,0.99729875,0.9701272634261274,0.9998855855693703,0.984781103597422,0.0008656984709418,2026-06-29 11:38:18
Random Forest,"{'class_weight': 'balanced', 'max_depth': 14, 'min_samples_leaf': 1, 'n_estimators': 200, 'n_jobs': -1, 'random_state': 4267}",0,0.99998625,1.0,0.9998426814362232,0.9999213322800762,5.303776597819133e-05,2026-06-29 11:40:34
Random Forest,"{'class_weight': 'balanced', 'max_depth': 14, 'min_samples_leaf': 1, 'n_estimators': 200, 'n_jobs': -1, 'random_state': 4267}",660156,0.99558875,0.9520543740495644,0.99988558556937,0.97538354439718,0.0007065123924154,2026-06-29 11:49:20
Random Forest,"{'class_weight': 'balanced', 'max_depth': 14, 'min_samples_leaf': 1, 'n_estimators': 200, 'n_jobs': -1, 'random_state': 4267}",440104,0.99588125,0.9550867587692096,0.9998998876288668,0.9769789549519068,0.0009818870285213,2026-06-29 11:56:31
Random Forest,"{'class_weight': 'balanced', 'max_depth': 14, 'min_samples_leaf': 1, 'n_estimators': 200, 'n_jobs': -1, 'random_state': 4267}",330078,0.99618875,0.9583211363647972,0.9998855855693703,0.9786611288908816,0.0011987069576021,2026-06-29 12:02:55
Random Forest,"{'class_weight': 'balanced', 'max_depth': 14, 'min_samples_leaf': 1, 'n_estimators': 200, 'n_jobs': -1, 'random_state': 4267}",264062,0.9964475,0.9610463988906532,0.9998855855693703,0.9800806472575893,0.000949971196187,2026-06-29 12:08:40
Random Forest,"{'class_weight': 'balanced', 'max_depth': 14, 'min_samples_leaf': 1, 'n_estimators': 200, 'n_jobs': -1, 'random_state': 4267}",220052,0.9966550000000002,0.9632447480061616,0.9998855855693703,0.981222422414296,0.0010197888681118,2026-06-29 12:14:11
Random Forest,"{'class_weight': 'balanced', 'max_depth': 14, 'min_samples_leaf': 1, 'n_estimators': 200, 'n_jobs': -1, 'random_state': 4267}",188616,0.99682125,0.9650131912864012,0.9998855855693703,0.9821390944037875,0.0010408326004593,2026-06-29 12:20:16
Random Forest,"{'class_weight': 'balanced', 'max_depth': 14, 'min_samples_leaf': 1, 'n_estimators': 200, 'n_jobs': -1, 'random_state': 4267}",165039,0.9969875,0.9667884647375072,0.9998855855693703,0.983057566916244,0.0011089770359376,2026-06-29 12:26:29
Random Forest,"{'class_weight': 'balanced', 'max_depth': 14, 'min_samples_leaf': 1, 'n_estimators': 200, 'n_jobs': -1, 'random_state': 4267}",146701,0.9971375,0.9683941927312728,0.9998855855693703,0.9838873113049622,0.000925970241063,2026-06-29 12:32:20
Random Forest,"{'class_weight': 'balanced', 'max_depth': 14, 'min_samples_leaf': 1, 'n_estimators': 200, 'n_jobs': -1, 'random_state': 4267}",132031,0.997315,0.9703018396575664,0.9998855855693703,0.9848711515412144,0.0007666908985701,2026-06-29 12:37:26
Random Forest,"{'class_weight': 'balanced', 'max_depth': 14, 'min_samples_leaf': 5, 'n_estimators': 100, 'n_jobs': -1, 'random_state': 4267}",0,0.999985,0.9999570999566612,0.9998712855552164,0.9999141855969464,3.198495180006843e-05,2026-06-29 12:38:39
Random Forest,"{'class_weight': 'balanced', 'max_depth': 14, 'min_samples_leaf': 5, 'n_estimators': 100, 'n_jobs': -1, 'random_state': 4267}",660156,0.995565,0.95179854928516,0.9998998876288668,0.9752553659062896,0.0011621025716752,2026-06-29 12:42:34
Random Forest,"{'class_weight': 'balanced', 'max_depth': 14, 'min_samples_leaf': 5, 'n_estimators': 100, 'n_jobs': -1, 'random_state': 4267}",440104,0.99587625,0.9550356285675262,0.9998998876288668,0.9769519384541182,0.0011561958069885,2026-06-29 12:46:24
Random Forest,"{'class_weight': 'balanced', 'max_depth': 14, 'min_samples_leaf': 5, 'n_estimators': 100, 'n_jobs': -1, 'random_state': 4267}",330078,0.9961125,0.9575090468174244,0.9998998876288668,0.9782440550598078,0.0013135864047455,2026-06-29 12:49:36
Random Forest,"{'class_weight': 'balanced', 'max_depth': 14, 'min_samples_leaf': 5, 'n_estimators': 100, 'n_jobs': -1, 'random_state': 4267}",264062,0.99635375,0.9600461764120616,0.9998998876288668,0.9795665662896248,0.0012763642995609,2026-06-29 12:52:42
Random Forest,"{'class_weight': 'balanced', 'max_depth': 14, 'min_samples_leaf': 5, 'n_estimators': 100, 'n_jobs': -1, 'random_state': 4267}",220052,0.99648,0.9613795032840364,0.9998998876288668,0.9802601467643328,0.0012719440211056,2026-06-29 12:55:49
Random Forest,"{'class_weight': 'balanced', 'max_depth': 14, 'min_samples_leaf': 5, 'n_estimators': 100, 'n_jobs': -1, 'random_state': 4267}",188616,0.996755,0.9643068756215432,0.9998855855693703,0.9817733839018652,0.000906172228776,2026-06-29 12:58:52
Random Forest,"{'class_weight': 'balanced', 'max_depth': 14, 'min_samples_leaf': 5, 'n_estimators': 100, 'n_jobs': -1, 'random_state': 4267}",165039,0.9968775,0.965625467626976,0.9998712835098736,0.982449263686446,0.0009612064669192,2026-06-29 13:02:03
Random Forest,"{'class_weight': 'balanced', 'max_depth': 14, 'min_samples_leaf': 5, 'n_estimators': 100, 'n_jobs': -1, 'random_state': 4267}",146701,0.99703375,0.9672695229754542,0.9998998876288668,0.9833133388351164,0.0009598820737759,2026-06-29 13:05:15
Random Forest,"{'class_weight': 'balanced', 'max_depth': 14, 'min_samples_leaf': 5, 'n_estimators': 100, 'n_jobs': -1, 'random_state': 4267}",132031,0.9971925,0.9689720529030468,0.9998998876288668,0.9841923179170636,0.0009642969993723,2026-06-29 13:08:24
Random Forest,"{'class_weight': 'balanced', 'max_depth': 14, 'min_samples_leaf': 5, 'n_estimators': 200, 'n_jobs': -1, 'random_state': 4267}",0,0.99998625,1.0,0.9998426814362232,0.9999213322800762,5.303776597819133e-05,2026-06-29 13:11:07
Random Forest,"{'class_weight': 'balanced', 'max_depth': 14, 'min_samples_leaf': 5, 'n_estimators': 200, 'n_jobs': -1, 'random_state': 4267}",660156,0.99558,0.9519655490248916,0.99988558556937,0.9753364402994984,0.001067226061692,2026-06-29 13:18:57
Random Forest,"{'class_weight': 'balanced', 'max_depth': 14, 'min_samples_leaf': 5, 'n_estimators': 200, 'n_jobs': -1, 'random_state': 4267}",440104,0.99586875,0.9549583390721952,0.9998998876288668,0.9769112435064023,0.0012829500292397,2026-06-29 13:25:31
Random Forest,"{'class_weight': 'balanced', 'max_depth': 14, 'min_samples_leaf': 5, 'n_estimators': 200, 'n_jobs': -1, 'random_state': 4267}",330078,0.99614125,0.9578100884553992,0.9998998876288668,0.9784013122710488,0.0012331566871147,2026-06-29 13:31:48
Random Forest,"{'class_weight': 'balanced', 'max_depth': 14, 'min_samples_leaf': 5, 'n_estimators': 200, 'n_jobs': -1, 'random_state': 4267}",264062,0.99636625,0.9601776995476754,0.9998998876288668,0.979635105583998,0.0012288246608989,2026-06-29 13:38:03
Random Forest,"{'class_weight': 'balanced', 'max_depth': 14, 'min_samples_leaf': 5, 'n_estimators': 200, 'n_jobs': -1, 'random_state': 4267}",220052,0.99648125,0.961392746299492,0.9998998876288668,0.9802670221457002,0.0012757179197042,2026-06-29 13:44:09
Random Forest,"{'class_weight': 'balanced', 'max_depth': 14, 'min_samples_leaf': 5, 'n_estimators': 200, 'n_jobs': -1, 'random_state': 4267}",188616,0.99675625,0.9643078597015744,0.9998998876288668,0.9817806515106868,0.0009565509156097,2026-06-29 13:51:57
Random Forest,"{'class_weight': 'balanced', 'max_depth': 14, 'min_samples_leaf': 5, 'n_estimators': 200, 'n_jobs': -1, 'random_state': 4267}",165039,0.9968925,0.965759914783525,0.9998998876288668,0.9825326366241772,0.0009927438899654,2026-06-29 13:59:15
Random Forest,"{'class_weight': 'balanced', 'max_depth': 14, 'min_samples_leaf': 5, 'n_estimators': 200, 'n_jobs': -1, 'random_state': 4267}",146701,0.99706,0.9675505020258092,0.9998998876288668,0.9834585398634412,0.000937435172881,2026-06-29 14:06:12
Random Forest,"{'class_weight': 'balanced', 'max_depth': 14, 'min_samples_leaf': 5, 'n_estimators': 200, 'n_jobs': -1, 'random_state': 4267}",132031,0.9971862499999998,0.968903516351526,0.9998998876288668,0.984157312949306,0.0006788227611563889,2026-06-29 14:12:59
